-54,70,SIqIk8hke94WzUdHey04Lwps4RU=,++6FHH1IVXuXjnbXY/iOX91PuJs=
-55,70,SIqIk8hke94WzUdHey04Lwps4RU=,++6FHH1IVXuXjnbXY/iOX91PuJs=
-55,69,SIqIk8hke94WzUdHey04Lwps4RU=,++6FHH1IVXuXjnbXY/iOX91PuJs=
-54,69,SIqIk8hke94WzUdHey04Lwps4RU=,++6FHH1IVXuXjnbXY/iOX91PuJs=
-57,70,SIqIk8hke94WzUdHey04Lwps4RU=,oD+Q+ypQuIyxaScpmDUvKMtaxkI=
-57,69,SIqIk8hke94WzUdHey04Lwps4RU=,oD+Q+ypQuIyxaScpmDUvKMtaxkI=
-56,69,SIqIk8hke94WzUdHey04Lwps4RU=,++6FHH1IVXuXjnbXY/iOX91PuJs=
-56,70,SIqIk8hke94WzUdHey04Lwps4RU=,++6FHH1IVXuXjnbXY/iOX91PuJs=
-50,70,SIqIk8hke94WzUdHey04Lwps4RU=,EqaBXgtadDCWWgPUsc1B0hxCocQ=
-51,69,SIqIk8hke94WzUdHey04Lwps4RU=,EqaBXgtadDCWWgPUsc1B0hxCocQ=
-55,67,SIqIk8hke94WzUdHey04Lwps4RU=,wW2Sung+MHbW0ZWblm4+Xj6GA34=
-54,65,SIqIk8hke94WzUdHey04Lwps4RU=,wW2Sung+MHbW0ZWblm4+Xj6GA34=
-53,70,SIqIk8hke94WzUdHey04Lwps4RU=,++6FHH1IVXuXjnbXY/iOX91PuJs=
-54,68,SIqIk8hke94WzUdHey04Lwps4RU=,++6FHH1IVXuXjnbXY/iOX91PuJs=
-55,65,SIqIk8hke94WzUdHey04Lwps4RU=,wW2Sung+MHbW0ZWblm4+Xj6GA34=
-55,68,SIqIk8hke94WzUdHey04Lwps4RU=,++6FHH1IVXuXjnbXY/iOX91PuJs=
-50,69,SIqIk8hke94WzUdHey04Lwps4RU=,EqaBXgtadDCWWgPUsc1B0hxCocQ=
-51,70,SIqIk8hke94WzUdHey04Lwps4RU=,EqaBXgtadDCWWgPUsc1B0hxCocQ=
-54,67,SIqIk8hke94WzUdHey04Lwps4RU=,wW2Sung+MHbW0ZWblm4+Xj6GA34=
-55,66,SIqIk8hke94WzUdHey04Lwps4RU=,wW2Sung+MHbW0ZWblm4+Xj6GA34=
-52,70,SIqIk8hke94WzUdHey04Lwps4RU=,EqaBXgtadDCWWgPUsc1B0hxCocQ=
-53,69,SIqIk8hke94WzUdHey04Lwps4RU=,++6FHH1IVXuXjnbXY/iOX91PuJs=
-52,69,SIqIk8hke94WzUdHey04Lwps4RU=,EqaBXgtadDCWWgPUsc1B0hxCocQ=
-50,68,SIqIk8hke94WzUdHey04Lwps4RU=,EqaBXgtadDCWWgPUsc1B0hxCocQ=
-50,66,SIqIk8hke94WzUdHey04Lwps4RU=,uDrzp+hIa6eCcjj+Ce0mzBG5ETA=
-51,65,SIqIk8hke94WzUdHey04Lwps4RU=,uDrzp+hIa6eCcjj+Ce0mzBG5ETA=
-51,66,SIqIk8hke94WzUdHey04Lwps4RU=,uDrzp+hIa6eCcjj+Ce0mzBG5ETA=
-50,65,SIqIk8hke94WzUdHey04Lwps4RU=,uDrzp+hIa6eCcjj+Ce0mzBG5ETA=
-52,65,SIqIk8hke94WzUdHey04Lwps4RU=,uDrzp+hIa6eCcjj+Ce0mzBG5ETA=
-50,67,SIqIk8hke94WzUdHey04Lwps4RU=,uDrzp+hIa6eCcjj+Ce0mzBG5ETA=
-53,66,SIqIk8hke94WzUdHey04Lwps4RU=,wW2Sung+MHbW0ZWblm4+Xj6GA34=
-52,68,SIqIk8hke94WzUdHey04Lwps4RU=,EqaBXgtadDCWWgPUsc1B0hxCocQ=
-52,66,SIqIk8hke94WzUdHey04Lwps4RU=,uDrzp+hIa6eCcjj+Ce0mzBG5ETA=
-51,67,SIqIk8hke94WzUdHey04Lwps4RU=,uDrzp+hIa6eCcjj+Ce0mzBG5ETA=
-53,65,SIqIk8hke94WzUdHey04Lwps4RU=,wW2Sung+MHbW0ZWblm4+Xj6GA34=
-54,66,SIqIk8hke94WzUdHey04Lwps4RU=,wW2Sung+MHbW0ZWblm4+Xj6GA34=
-53,68,SIqIk8hke94WzUdHey04Lwps4RU=,++6FHH1IVXuXjnbXY/iOX91PuJs=
-53,67,SIqIk8hke94WzUdHey04Lwps4RU=,wW2Sung+MHbW0ZWblm4+Xj6GA34=
-52,67,SIqIk8hke94WzUdHey04Lwps4RU=,uDrzp+hIa6eCcjj+Ce0mzBG5ETA=
-51,68,SIqIk8hke94WzUdHey04Lwps4RU=,EqaBXgtadDCWWgPUsc1B0hxCocQ=
-50,74,SIqIk8hke94WzUdHey04Lwps4RU=,wAdV7vrH+Df7KwPODaf+r4jIBdc=
-50,72,SIqIk8hke94WzUdHey04Lwps4RU=,wAdV7vrH+Df7KwPODaf+r4jIBdc=
-51,73,SIqIk8hke94WzUdHey04Lwps4RU=,wAdV7vrH+Df7KwPODaf+r4jIBdc=
-50,71,SIqIk8hke94WzUdHey04Lwps4RU=,EqaBXgtadDCWWgPUsc1B0hxCocQ=
-51,71,SIqIk8hke94WzUdHey04Lwps4RU=,EqaBXgtadDCWWgPUsc1B0hxCocQ=
-51,74,SIqIk8hke94WzUdHey04Lwps4RU=,wAdV7vrH+Df7KwPODaf+r4jIBdc=
-50,73,SIqIk8hke94WzUdHey04Lwps4RU=,wAdV7vrH+Df7KwPODaf+r4jIBdc=
-51,72,SIqIk8hke94WzUdHey04Lwps4RU=,wAdV7vrH+Df7KwPODaf+r4jIBdc=
-49,73,SIqIk8hke94WzUdHey04Lwps4RU=,wAdV7vrH+Df7KwPODaf+r4jIBdc=
-49,74,SIqIk8hke94WzUdHey04Lwps4RU=,wAdV7vrH+Df7KwPODaf+r4jIBdc=
-49,69,SIqIk8hke94WzUdHey04Lwps4RU=,EqaBXgtadDCWWgPUsc1B0hxCocQ=
-49,71,SIqIk8hke94WzUdHey04Lwps4RU=,EqaBXgtadDCWWgPUsc1B0hxCocQ=
-49,70,SIqIk8hke94WzUdHey04Lwps4RU=,EqaBXgtadDCWWgPUsc1B0hxCocQ=
-49,72,SIqIk8hke94WzUdHey04Lwps4RU=,wAdV7vrH+Df7KwPODaf+r4jIBdc=
-49,65,BPl2K+OLQn0c06wGxfQXl1DZpUc=,uDrzp+hIa6eCcjj+Ce0mzBG5ETA=
-49,68,BPl2K+OLQn0c06wGxfQXl1DZpUc=,EqaBXgtadDCWWgPUsc1B0hxCocQ=
-49,66,BPl2K+OLQn0c06wGxfQXl1DZpUc=,uDrzp+hIa6eCcjj+Ce0mzBG5ETA=
-49,67,BPl2K+OLQn0c06wGxfQXl1DZpUc=,uDrzp+hIa6eCcjj+Ce0mzBG5ETA=
-57,72,BPl2K+OLQn0c06wGxfQXl1DZpUc=,c6zWCXdHeQPjGbjQVmMmQmmqD9M=
-57,74,BPl2K+OLQn0c06wGxfQXl1DZpUc=,c6zWCXdHeQPjGbjQVmMmQmmqD9M=
-57,71,BPl2K+OLQn0c06wGxfQXl1DZpUc=,oD+Q+ypQuIyxaScpmDUvKMtaxkI=
-57,73,BPl2K+OLQn0c06wGxfQXl1DZpUc=,c6zWCXdHeQPjGbjQVmMmQmmqD9M=
-56,73,BPl2K+OLQn0c06wGxfQXl1DZpUc=,pj6e+0btjWhZ9uhHri2UsAXvL5Y=
-54,71,BPl2K+OLQn0c06wGxfQXl1DZpUc=,++6FHH1IVXuXjnbXY/iOX91PuJs=
-54,72,BPl2K+OLQn0c06wGxfQXl1DZpUc=,pj6e+0btjWhZ9uhHri2UsAXvL5Y=
-53,71,BPl2K+OLQn0c06wGxfQXl1DZpUc=,++6FHH1IVXuXjnbXY/iOX91PuJs=
-56,72,BPl2K+OLQn0c06wGxfQXl1DZpUc=,pj6e+0btjWhZ9uhHri2UsAXvL5Y=
-55,72,BPl2K+OLQn0c06wGxfQXl1DZpUc=,pj6e+0btjWhZ9uhHri2UsAXvL5Y=
-52,72,BPl2K+OLQn0c06wGxfQXl1DZpUc=,wAdV7vrH+Df7KwPODaf+r4jIBdc=
-52,74,BPl2K+OLQn0c06wGxfQXl1DZpUc=,wAdV7vrH+Df7KwPODaf+r4jIBdc=
-52,71,BPl2K+OLQn0c06wGxfQXl1DZpUc=,EqaBXgtadDCWWgPUsc1B0hxCocQ=
-54,73,BPl2K+OLQn0c06wGxfQXl1DZpUc=,pj6e+0btjWhZ9uhHri2UsAXvL5Y=
-53,73,BPl2K+OLQn0c06wGxfQXl1DZpUc=,pj6e+0btjWhZ9uhHri2UsAXvL5Y=
-53,72,BPl2K+OLQn0c06wGxfQXl1DZpUc=,pj6e+0btjWhZ9uhHri2UsAXvL5Y=
-55,71,BPl2K+OLQn0c06wGxfQXl1DZpUc=,++6FHH1IVXuXjnbXY/iOX91PuJs=
-54,74,BPl2K+OLQn0c06wGxfQXl1DZpUc=,pj6e+0btjWhZ9uhHri2UsAXvL5Y=
-55,73,BPl2K+OLQn0c06wGxfQXl1DZpUc=,pj6e+0btjWhZ9uhHri2UsAXvL5Y=
-56,74,BPl2K+OLQn0c06wGxfQXl1DZpUc=,pj6e+0btjWhZ9uhHri2UsAXvL5Y=
-53,74,BPl2K+OLQn0c06wGxfQXl1DZpUc=,pj6e+0btjWhZ9uhHri2UsAXvL5Y=
-52,73,BPl2K+OLQn0c06wGxfQXl1DZpUc=,wAdV7vrH+Df7KwPODaf+r4jIBdc=
-55,74,BPl2K+OLQn0c06wGxfQXl1DZpUc=,pj6e+0btjWhZ9uhHri2UsAXvL5Y=
-56,71,BPl2K+OLQn0c06wGxfQXl1DZpUc=,++6FHH1IVXuXjnbXY/iOX91PuJs=
-50,64,BPl2K+OLQn0c06wGxfQXl1DZpUc=,uDrzp+hIa6eCcjj+Ce0mzBG5ETA=
-57,76,BPl2K+OLQn0c06wGxfQXl1DZpUc=,kzdXDiXP/E71+7xsnstJ7h0Dzyo=
-57,79,BPl2K+OLQn0c06wGxfQXl1DZpUc=,kzdXDiXP/E71+7xsnstJ7h0Dzyo=
-57,75,BPl2K+OLQn0c06wGxfQXl1DZpUc=,c6zWCXdHeQPjGbjQVmMmQmmqD9M=
-57,78,BPl2K+OLQn0c06wGxfQXl1DZpUc=,kzdXDiXP/E71+7xsnstJ7h0Dzyo=
-57,77,BPl2K+OLQn0c06wGxfQXl1DZpUc=,kzdXDiXP/E71+7xsnstJ7h0Dzyo=
-56,79,BPl2K+OLQn0c06wGxfQXl1DZpUc=,c8FXo49Ck/hw3EwQpbAau2/KkJU=
-51,64,BPl2K+OLQn0c06wGxfQXl1DZpUc=,uDrzp+hIa6eCcjj+Ce0mzBG5ETA=
-55,77,BPl2K+OLQn0c06wGxfQXl1DZpUc=,c8FXo49Ck/hw3EwQpbAau2/KkJU=
-56,78,BPl2K+OLQn0c06wGxfQXl1DZpUc=,c8FXo49Ck/hw3EwQpbAau2/KkJU=
-54,76,BPl2K+OLQn0c06wGxfQXl1DZpUc=,c8FXo49Ck/hw3EwQpbAau2/KkJU=
-56,75,BPl2K+OLQn0c06wGxfQXl1DZpUc=,pj6e+0btjWhZ9uhHri2UsAXvL5Y=
-54,79,BPl2K+OLQn0c06wGxfQXl1DZpUc=,c8FXo49Ck/hw3EwQpbAau2/KkJU=
-55,76,BPl2K+OLQn0c06wGxfQXl1DZpUc=,c8FXo49Ck/hw3EwQpbAau2/KkJU=
-55,75,BPl2K+OLQn0c06wGxfQXl1DZpUc=,pj6e+0btjWhZ9uhHri2UsAXvL5Y=
-54,77,BPl2K+OLQn0c06wGxfQXl1DZpUc=,c8FXo49Ck/hw3EwQpbAau2/KkJU=
-54,78,BPl2K+OLQn0c06wGxfQXl1DZpUc=,c8FXo49Ck/hw3EwQpbAau2/KkJU=
-56,77,BPl2K+OLQn0c06wGxfQXl1DZpUc=,c8FXo49Ck/hw3EwQpbAau2/KkJU=
-56,76,BPl2K+OLQn0c06wGxfQXl1DZpUc=,c8FXo49Ck/hw3EwQpbAau2/KkJU=
-55,79,BPl2K+OLQn0c06wGxfQXl1DZpUc=,c8FXo49Ck/hw3EwQpbAau2/KkJU=
-55,78,BPl2K+OLQn0c06wGxfQXl1DZpUc=,c8FXo49Ck/hw3EwQpbAau2/KkJU=
-52,75,BPl2K+OLQn0c06wGxfQXl1DZpUc=,wAdV7vrH+Df7KwPODaf+r4jIBdc=
-51,75,BPl2K+OLQn0c06wGxfQXl1DZpUc=,wAdV7vrH+Df7KwPODaf+r4jIBdc=
-53,76,BPl2K+OLQn0c06wGxfQXl1DZpUc=,c8FXo49Ck/hw3EwQpbAau2/KkJU=
-53,77,BPl2K+OLQn0c06wGxfQXl1DZpUc=,c8FXo49Ck/hw3EwQpbAau2/KkJU=
-50,79,BPl2K+OLQn0c06wGxfQXl1DZpUc=,0dF3jYxuNtFISNjAeh9fATe8p1M=
-51,76,BPl2K+OLQn0c06wGxfQXl1DZpUc=,0dF3jYxuNtFISNjAeh9fATe8p1M=
-51,78,BPl2K+OLQn0c06wGxfQXl1DZpUc=,0dF3jYxuNtFISNjAeh9fATe8p1M=
-53,78,BPl2K+OLQn0c06wGxfQXl1DZpUc=,c8FXo49Ck/hw3EwQpbAau2/KkJU=
-53,75,BPl2K+OLQn0c06wGxfQXl1DZpUc=,pj6e+0btjWhZ9uhHri2UsAXvL5Y=
-51,79,BPl2K+OLQn0c06wGxfQXl1DZpUc=,0dF3jYxuNtFISNjAeh9fATe8p1M=
-51,77,BPl2K+OLQn0c06wGxfQXl1DZpUc=,0dF3jYxuNtFISNjAeh9fATe8p1M=
-52,77,BPl2K+OLQn0c06wGxfQXl1DZpUc=,0dF3jYxuNtFISNjAeh9fATe8p1M=
-50,75,BPl2K+OLQn0c06wGxfQXl1DZpUc=,wAdV7vrH+Df7KwPODaf+r4jIBdc=
-49,76,BPl2K+OLQn0c06wGxfQXl1DZpUc=,0dF3jYxuNtFISNjAeh9fATe8p1M=
-49,78,BPl2K+OLQn0c06wGxfQXl1DZpUc=,0dF3jYxuNtFISNjAeh9fATe8p1M=
-49,75,BPl2K+OLQn0c06wGxfQXl1DZpUc=,wAdV7vrH+Df7KwPODaf+r4jIBdc=
-54,75,BPl2K+OLQn0c06wGxfQXl1DZpUc=,pj6e+0btjWhZ9uhHri2UsAXvL5Y=
-52,79,BPl2K+OLQn0c06wGxfQXl1DZpUc=,0dF3jYxuNtFISNjAeh9fATe8p1M=
-49,79,BPl2K+OLQn0c06wGxfQXl1DZpUc=,0dF3jYxuNtFISNjAeh9fATe8p1M=
-53,79,BPl2K+OLQn0c06wGxfQXl1DZpUc=,c8FXo49Ck/hw3EwQpbAau2/KkJU=
-49,77,BPl2K+OLQn0c06wGxfQXl1DZpUc=,0dF3jYxuNtFISNjAeh9fATe8p1M=
-50,78,BPl2K+OLQn0c06wGxfQXl1DZpUc=,0dF3jYxuNtFISNjAeh9fATe8p1M=
-52,78,BPl2K+OLQn0c06wGxfQXl1DZpUc=,0dF3jYxuNtFISNjAeh9fATe8p1M=
-52,76,BPl2K+OLQn0c06wGxfQXl1DZpUc=,0dF3jYxuNtFISNjAeh9fATe8p1M=
-50,77,BPl2K+OLQn0c06wGxfQXl1DZpUc=,0dF3jYxuNtFISNjAeh9fATe8p1M=
-50,76,BPl2K+OLQn0c06wGxfQXl1DZpUc=,0dF3jYxuNtFISNjAeh9fATe8p1M=
-57,68,BPl2K+OLQn0c06wGxfQXl1DZpUc=,oD+Q+ypQuIyxaScpmDUvKMtaxkI=
-57,67,BPl2K+OLQn0c06wGxfQXl1DZpUc=,Sv8RGxHeIpT2iN3+R1I0Nfx1iOI=
-57,66,BPl2K+OLQn0c06wGxfQXl1DZpUc=,Sv8RGxHeIpT2iN3+R1I0Nfx1iOI=
-57,65,BPl2K+OLQn0c06wGxfQXl1DZpUc=,Sv8RGxHeIpT2iN3+R1I0Nfx1iOI=
-57,64,BPl2K+OLQn0c06wGxfQXl1DZpUc=,Sv8RGxHeIpT2iN3+R1I0Nfx1iOI=
-56,65,BPl2K+OLQn0c06wGxfQXl1DZpUc=,wW2Sung+MHbW0ZWblm4+Xj6GA34=
-56,64,BPl2K+OLQn0c06wGxfQXl1DZpUc=,wW2Sung+MHbW0ZWblm4+Xj6GA34=
-56,67,BPl2K+OLQn0c06wGxfQXl1DZpUc=,wW2Sung+MHbW0ZWblm4+Xj6GA34=
-56,68,BPl2K+OLQn0c06wGxfQXl1DZpUc=,++6FHH1IVXuXjnbXY/iOX91PuJs=
-52,64,BPl2K+OLQn0c06wGxfQXl1DZpUc=,uDrzp+hIa6eCcjj+Ce0mzBG5ETA=
-56,66,BPl2K+OLQn0c06wGxfQXl1DZpUc=,wW2Sung+MHbW0ZWblm4+Xj6GA34=
-49,64,BPl2K+OLQn0c06wGxfQXl1DZpUc=,uDrzp+hIa6eCcjj+Ce0mzBG5ETA=
-53,64,BPl2K+OLQn0c06wGxfQXl1DZpUc=,wW2Sung+MHbW0ZWblm4+Xj6GA34=
-55,64,BPl2K+OLQn0c06wGxfQXl1DZpUc=,wW2Sung+MHbW0ZWblm4+Xj6GA34=
-54,64,BPl2K+OLQn0c06wGxfQXl1DZpUc=,wW2Sung+MHbW0ZWblm4+Xj6GA34=
-51,80,BPl2K+OLQn0c06wGxfQXl1DZpUc=,w9zO04yXAKEpIvqyyT5HkXH4toM=
-49,83,BPl2K+OLQn0c06wGxfQXl1DZpUc=,w9zO04yXAKEpIvqyyT5HkXH4toM=
-49,84,BPl2K+OLQn0c06wGxfQXl1DZpUc=,8mwhtKg05t0WGXkfrEf98maYYls=
-50,84,BPl2K+OLQn0c06wGxfQXl1DZpUc=,8mwhtKg05t0WGXkfrEf98maYYls=
-50,83,BPl2K+OLQn0c06wGxfQXl1DZpUc=,w9zO04yXAKEpIvqyyT5HkXH4toM=
-50,80,BPl2K+OLQn0c06wGxfQXl1DZpUc=,w9zO04yXAKEpIvqyyT5HkXH4toM=
-51,84,BPl2K+OLQn0c06wGxfQXl1DZpUc=,8mwhtKg05t0WGXkfrEf98maYYls=
-49,82,BPl2K+OLQn0c06wGxfQXl1DZpUc=,w9zO04yXAKEpIvqyyT5HkXH4toM=
-50,82,BPl2K+OLQn0c06wGxfQXl1DZpUc=,w9zO04yXAKEpIvqyyT5HkXH4toM=
-49,80,BPl2K+OLQn0c06wGxfQXl1DZpUc=,w9zO04yXAKEpIvqyyT5HkXH4toM=
-49,81,BPl2K+OLQn0c06wGxfQXl1DZpUc=,w9zO04yXAKEpIvqyyT5HkXH4toM=
-50,81,BPl2K+OLQn0c06wGxfQXl1DZpUc=,w9zO04yXAKEpIvqyyT5HkXH4toM=
-51,83,BPl2K+OLQn0c06wGxfQXl1DZpUc=,w9zO04yXAKEpIvqyyT5HkXH4toM=
-51,82,BPl2K+OLQn0c06wGxfQXl1DZpUc=,w9zO04yXAKEpIvqyyT5HkXH4toM=
-51,81,BPl2K+OLQn0c06wGxfQXl1DZpUc=,w9zO04yXAKEpIvqyyT5HkXH4toM=
-56,81,BPl2K+OLQn0c06wGxfQXl1DZpUc=,jVHi2JTFSlQ0bY5M7Gi/C2rsEdY=
-57,82,BPl2K+OLQn0c06wGxfQXl1DZpUc=,UuqQEhxMGWwRE7xmBpwiU/Aby4s=
-57,83,BPl2K+OLQn0c06wGxfQXl1DZpUc=,UuqQEhxMGWwRE7xmBpwiU/Aby4s=
-53,82,BPl2K+OLQn0c06wGxfQXl1DZpUc=,jVHi2JTFSlQ0bY5M7Gi/C2rsEdY=
-57,81,BPl2K+OLQn0c06wGxfQXl1DZpUc=,UuqQEhxMGWwRE7xmBpwiU/Aby4s=
-56,83,BPl2K+OLQn0c06wGxfQXl1DZpUc=,jVHi2JTFSlQ0bY5M7Gi/C2rsEdY=
-53,80,BPl2K+OLQn0c06wGxfQXl1DZpUc=,jVHi2JTFSlQ0bY5M7Gi/C2rsEdY=
-57,84,BPl2K+OLQn0c06wGxfQXl1DZpUc=,SI0mzUi5eSF+QPEDrg31oI2T5VM=
-52,81,BPl2K+OLQn0c06wGxfQXl1DZpUc=,w9zO04yXAKEpIvqyyT5HkXH4toM=
-57,80,BPl2K+OLQn0c06wGxfQXl1DZpUc=,UuqQEhxMGWwRE7xmBpwiU/Aby4s=
-53,84,BPl2K+OLQn0c06wGxfQXl1DZpUc=,bHZkMe0pw6foLZIgqIDKs9AVKEM=
-54,84,BPl2K+OLQn0c06wGxfQXl1DZpUc=,bHZkMe0pw6foLZIgqIDKs9AVKEM=
-55,84,BPl2K+OLQn0c06wGxfQXl1DZpUc=,bHZkMe0pw6foLZIgqIDKs9AVKEM=
-52,84,BPl2K+OLQn0c06wGxfQXl1DZpUc=,8mwhtKg05t0WGXkfrEf98maYYls=
-56,84,BPl2K+OLQn0c06wGxfQXl1DZpUc=,bHZkMe0pw6foLZIgqIDKs9AVKEM=
-56,82,BPl2K+OLQn0c06wGxfQXl1DZpUc=,jVHi2JTFSlQ0bY5M7Gi/C2rsEdY=
-53,81,BPl2K+OLQn0c06wGxfQXl1DZpUc=,jVHi2JTFSlQ0bY5M7Gi/C2rsEdY=
-54,83,BPl2K+OLQn0c06wGxfQXl1DZpUc=,jVHi2JTFSlQ0bY5M7Gi/C2rsEdY=
-52,83,BPl2K+OLQn0c06wGxfQXl1DZpUc=,w9zO04yXAKEpIvqyyT5HkXH4toM=
-52,82,BPl2K+OLQn0c06wGxfQXl1DZpUc=,w9zO04yXAKEpIvqyyT5HkXH4toM=
-55,81,BPl2K+OLQn0c06wGxfQXl1DZpUc=,jVHi2JTFSlQ0bY5M7Gi/C2rsEdY=
-53,83,BPl2K+OLQn0c06wGxfQXl1DZpUc=,jVHi2JTFSlQ0bY5M7Gi/C2rsEdY=
-54,82,BPl2K+OLQn0c06wGxfQXl1DZpUc=,jVHi2JTFSlQ0bY5M7Gi/C2rsEdY=
-55,80,BPl2K+OLQn0c06wGxfQXl1DZpUc=,jVHi2JTFSlQ0bY5M7Gi/C2rsEdY=
-52,80,BPl2K+OLQn0c06wGxfQXl1DZpUc=,w9zO04yXAKEpIvqyyT5HkXH4toM=
-54,81,BPl2K+OLQn0c06wGxfQXl1DZpUc=,jVHi2JTFSlQ0bY5M7Gi/C2rsEdY=
-55,82,BPl2K+OLQn0c06wGxfQXl1DZpUc=,jVHi2JTFSlQ0bY5M7Gi/C2rsEdY=
-54,80,BPl2K+OLQn0c06wGxfQXl1DZpUc=,jVHi2JTFSlQ0bY5M7Gi/C2rsEdY=
-55,83,BPl2K+OLQn0c06wGxfQXl1DZpUc=,jVHi2JTFSlQ0bY5M7Gi/C2rsEdY=
-56,80,BPl2K+OLQn0c06wGxfQXl1DZpUc=,jVHi2JTFSlQ0bY5M7Gi/C2rsEdY=
-35,81,N2v7ixlsyrFcWPTihk75zKliKGM=,SOFhf+mzT5TPwgARRYoFeIx4iKY=
-34,84,N2v7ixlsyrFcWPTihk75zKliKGM=,ukfOBsSWkKD8LdiydrdDhCn2RNg=
-34,82,N2v7ixlsyrFcWPTihk75zKliKGM=,SOFhf+mzT5TPwgARRYoFeIx4iKY=
-35,84,N2v7ixlsyrFcWPTihk75zKliKGM=,ukfOBsSWkKD8LdiydrdDhCn2RNg=
-34,81,N2v7ixlsyrFcWPTihk75zKliKGM=,SOFhf+mzT5TPwgARRYoFeIx4iKY=
-35,82,N2v7ixlsyrFcWPTihk75zKliKGM=,SOFhf+mzT5TPwgARRYoFeIx4iKY=
-35,83,N2v7ixlsyrFcWPTihk75zKliKGM=,SOFhf+mzT5TPwgARRYoFeIx4iKY=
-34,83,N2v7ixlsyrFcWPTihk75zKliKGM=,SOFhf+mzT5TPwgARRYoFeIx4iKY=
-46,84,N2v7ixlsyrFcWPTihk75zKliKGM=,fCvO1DSmNnOqRbyqNQZlRaVGDFM=
-47,84,N2v7ixlsyrFcWPTihk75zKliKGM=,fCvO1DSmNnOqRbyqNQZlRaVGDFM=
-47,81,N2v7ixlsyrFcWPTihk75zKliKGM=,q7ifoQzHav+ULx6pqDKDfeydOpM=
-47,83,N2v7ixlsyrFcWPTihk75zKliKGM=,q7ifoQzHav+ULx6pqDKDfeydOpM=
-46,83,N2v7ixlsyrFcWPTihk75zKliKGM=,q7ifoQzHav+ULx6pqDKDfeydOpM=
-47,82,N2v7ixlsyrFcWPTihk75zKliKGM=,q7ifoQzHav+ULx6pqDKDfeydOpM=
-46,81,N2v7ixlsyrFcWPTihk75zKliKGM=,q7ifoQzHav+ULx6pqDKDfeydOpM=
-46,82,N2v7ixlsyrFcWPTihk75zKliKGM=,q7ifoQzHav+ULx6pqDKDfeydOpM=
-46,80,N2v7ixlsyrFcWPTihk75zKliKGM=,q7ifoQzHav+ULx6pqDKDfeydOpM=
-35,80,N2v7ixlsyrFcWPTihk75zKliKGM=,SOFhf+mzT5TPwgARRYoFeIx4iKY=
-47,80,N2v7ixlsyrFcWPTihk75zKliKGM=,q7ifoQzHav+ULx6pqDKDfeydOpM=
-34,80,N2v7ixlsyrFcWPTihk75zKliKGM=,SOFhf+mzT5TPwgARRYoFeIx4iKY=
-33,84,N2v7ixlsyrFcWPTihk75zKliKGM=,ukfOBsSWkKD8LdiydrdDhCn2RNg=
-33,81,N2v7ixlsyrFcWPTihk75zKliKGM=,SOFhf+mzT5TPwgARRYoFeIx4iKY=
-33,80,N2v7ixlsyrFcWPTihk75zKliKGM=,SOFhf+mzT5TPwgARRYoFeIx4iKY=
-33,83,N2v7ixlsyrFcWPTihk75zKliKGM=,SOFhf+mzT5TPwgARRYoFeIx4iKY=
-36,80,N2v7ixlsyrFcWPTihk75zKliKGM=,SOFhf+mzT5TPwgARRYoFeIx4iKY=
-36,84,N2v7ixlsyrFcWPTihk75zKliKGM=,ukfOBsSWkKD8LdiydrdDhCn2RNg=
-33,82,N2v7ixlsyrFcWPTihk75zKliKGM=,SOFhf+mzT5TPwgARRYoFeIx4iKY=
-38,81,N2v7ixlsyrFcWPTihk75zKliKGM=,jNCgWfM6cGRbp0QvJIu727nkB1k=
-39,81,N2v7ixlsyrFcWPTihk75zKliKGM=,jNCgWfM6cGRbp0QvJIu727nkB1k=
-39,80,N2v7ixlsyrFcWPTihk75zKliKGM=,jNCgWfM6cGRbp0QvJIu727nkB1k=
-36,82,N2v7ixlsyrFcWPTihk75zKliKGM=,SOFhf+mzT5TPwgARRYoFeIx4iKY=
-37,84,N2v7ixlsyrFcWPTihk75zKliKGM=,H0k/X0y9Fzx8zcrumbZ1H+IDViY=
-38,84,N2v7ixlsyrFcWPTihk75zKliKGM=,H0k/X0y9Fzx8zcrumbZ1H+IDViY=
-39,84,N2v7ixlsyrFcWPTihk75zKliKGM=,H0k/X0y9Fzx8zcrumbZ1H+IDViY=
-37,82,N2v7ixlsyrFcWPTihk75zKliKGM=,jNCgWfM6cGRbp0QvJIu727nkB1k=
-48,81,N2v7ixlsyrFcWPTihk75zKliKGM=,q7ifoQzHav+ULx6pqDKDfeydOpM=
-48,82,N2v7ixlsyrFcWPTihk75zKliKGM=,q7ifoQzHav+ULx6pqDKDfeydOpM=
-39,83,N2v7ixlsyrFcWPTihk75zKliKGM=,jNCgWfM6cGRbp0QvJIu727nkB1k=
-38,83,N2v7ixlsyrFcWPTihk75zKliKGM=,jNCgWfM6cGRbp0QvJIu727nkB1k=
-37,80,N2v7ixlsyrFcWPTihk75zKliKGM=,jNCgWfM6cGRbp0QvJIu727nkB1k=
-38,82,N2v7ixlsyrFcWPTihk75zKliKGM=,jNCgWfM6cGRbp0QvJIu727nkB1k=
-36,81,N2v7ixlsyrFcWPTihk75zKliKGM=,SOFhf+mzT5TPwgARRYoFeIx4iKY=
-36,83,N2v7ixlsyrFcWPTihk75zKliKGM=,SOFhf+mzT5TPwgARRYoFeIx4iKY=
-37,81,N2v7ixlsyrFcWPTihk75zKliKGM=,jNCgWfM6cGRbp0QvJIu727nkB1k=
-37,83,N2v7ixlsyrFcWPTihk75zKliKGM=,jNCgWfM6cGRbp0QvJIu727nkB1k=
-39,82,N2v7ixlsyrFcWPTihk75zKliKGM=,jNCgWfM6cGRbp0QvJIu727nkB1k=
-38,80,N2v7ixlsyrFcWPTihk75zKliKGM=,jNCgWfM6cGRbp0QvJIu727nkB1k=
-42,84,N2v7ixlsyrFcWPTihk75zKliKGM=,roftgXQzyrtNBmC6aNYtBWg90Y0=
-41,84,N2v7ixlsyrFcWPTihk75zKliKGM=,roftgXQzyrtNBmC6aNYtBWg90Y0=
-44,84,N2v7ixlsyrFcWPTihk75zKliKGM=,roftgXQzyrtNBmC6aNYtBWg90Y0=
-40,84,N2v7ixlsyrFcWPTihk75zKliKGM=,H0k/X0y9Fzx8zcrumbZ1H+IDViY=
-45,84,N2v7ixlsyrFcWPTihk75zKliKGM=,fCvO1DSmNnOqRbyqNQZlRaVGDFM=
-44,83,N2v7ixlsyrFcWPTihk75zKliKGM=,RS8D4uyszD/h0QKt/JkghOwtyx4=
-45,82,N2v7ixlsyrFcWPTihk75zKliKGM=,q7ifoQzHav+ULx6pqDKDfeydOpM=
-42,80,N2v7ixlsyrFcWPTihk75zKliKGM=,RS8D4uyszD/h0QKt/JkghOwtyx4=
-43,84,N2v7ixlsyrFcWPTihk75zKliKGM=,roftgXQzyrtNBmC6aNYtBWg90Y0=
-44,81,N2v7ixlsyrFcWPTihk75zKliKGM=,RS8D4uyszD/h0QKt/JkghOwtyx4=
-45,83,N2v7ixlsyrFcWPTihk75zKliKGM=,q7ifoQzHav+ULx6pqDKDfeydOpM=
-44,82,N2v7ixlsyrFcWPTihk75zKliKGM=,RS8D4uyszD/h0QKt/JkghOwtyx4=
-43,80,N2v7ixlsyrFcWPTihk75zKliKGM=,RS8D4uyszD/h0QKt/JkghOwtyx4=
-41,80,N2v7ixlsyrFcWPTihk75zKliKGM=,RS8D4uyszD/h0QKt/JkghOwtyx4=
-43,82,N2v7ixlsyrFcWPTihk75zKliKGM=,RS8D4uyszD/h0QKt/JkghOwtyx4=
-45,80,N2v7ixlsyrFcWPTihk75zKliKGM=,q7ifoQzHav+ULx6pqDKDfeydOpM=
-44,80,N2v7ixlsyrFcWPTihk75zKliKGM=,RS8D4uyszD/h0QKt/JkghOwtyx4=
-40,83,N2v7ixlsyrFcWPTihk75zKliKGM=,jNCgWfM6cGRbp0QvJIu727nkB1k=
-43,83,N2v7ixlsyrFcWPTihk75zKliKGM=,RS8D4uyszD/h0QKt/JkghOwtyx4=
-41,81,N2v7ixlsyrFcWPTihk75zKliKGM=,RS8D4uyszD/h0QKt/JkghOwtyx4=
-42,81,N2v7ixlsyrFcWPTihk75zKliKGM=,RS8D4uyszD/h0QKt/JkghOwtyx4=
-45,81,N2v7ixlsyrFcWPTihk75zKliKGM=,q7ifoQzHav+ULx6pqDKDfeydOpM=
-41,83,N2v7ixlsyrFcWPTihk75zKliKGM=,RS8D4uyszD/h0QKt/JkghOwtyx4=
-40,82,N2v7ixlsyrFcWPTihk75zKliKGM=,jNCgWfM6cGRbp0QvJIu727nkB1k=
-40,81,N2v7ixlsyrFcWPTihk75zKliKGM=,jNCgWfM6cGRbp0QvJIu727nkB1k=
-42,82,N2v7ixlsyrFcWPTihk75zKliKGM=,RS8D4uyszD/h0QKt/JkghOwtyx4=
-40,80,N2v7ixlsyrFcWPTihk75zKliKGM=,jNCgWfM6cGRbp0QvJIu727nkB1k=
-41,82,N2v7ixlsyrFcWPTihk75zKliKGM=,RS8D4uyszD/h0QKt/JkghOwtyx4=
-43,81,N2v7ixlsyrFcWPTihk75zKliKGM=,RS8D4uyszD/h0QKt/JkghOwtyx4=
-42,83,N2v7ixlsyrFcWPTihk75zKliKGM=,RS8D4uyszD/h0QKt/JkghOwtyx4=
-48,84,N2v7ixlsyrFcWPTihk75zKliKGM=,fCvO1DSmNnOqRbyqNQZlRaVGDFM=
-48,83,N2v7ixlsyrFcWPTihk75zKliKGM=,q7ifoQzHav+ULx6pqDKDfeydOpM=
-48,80,N2v7ixlsyrFcWPTihk75zKliKGM=,q7ifoQzHav+ULx6pqDKDfeydOpM=
-38,70,KZQQZ/3BtcHQ2qPIhV0mEBT8E7Q=,qdRgCsmnek7anUQS7wb2ZwSnT40=
-38,69,KZQQZ/3BtcHQ2qPIhV0mEBT8E7Q=,qdRgCsmnek7anUQS7wb2ZwSnT40=
-39,70,KZQQZ/3BtcHQ2qPIhV0mEBT8E7Q=,qdRgCsmnek7anUQS7wb2ZwSnT40=
-38,72,KZQQZ/3BtcHQ2qPIhV0mEBT8E7Q=,YpTJXFdBzfOwnu0ssmXaxiob4ic=
-39,72,KZQQZ/3BtcHQ2qPIhV0mEBT8E7Q=,YpTJXFdBzfOwnu0ssmXaxiob4ic=
-38,74,KZQQZ/3BtcHQ2qPIhV0mEBT8E7Q=,YpTJXFdBzfOwnu0ssmXaxiob4ic=
-39,69,KZQQZ/3BtcHQ2qPIhV0mEBT8E7Q=,qdRgCsmnek7anUQS7wb2ZwSnT40=
-39,74,KZQQZ/3BtcHQ2qPIhV0mEBT8E7Q=,YpTJXFdBzfOwnu0ssmXaxiob4ic=
-38,73,KZQQZ/3BtcHQ2qPIhV0mEBT8E7Q=,YpTJXFdBzfOwnu0ssmXaxiob4ic=
-39,71,KZQQZ/3BtcHQ2qPIhV0mEBT8E7Q=,qdRgCsmnek7anUQS7wb2ZwSnT40=
-39,73,KZQQZ/3BtcHQ2qPIhV0mEBT8E7Q=,YpTJXFdBzfOwnu0ssmXaxiob4ic=
-38,71,KZQQZ/3BtcHQ2qPIhV0mEBT8E7Q=,qdRgCsmnek7anUQS7wb2ZwSnT40=
-43,69,KZQQZ/3BtcHQ2qPIhV0mEBT8E7Q=,0s/fZFiTQlPmBcvAV5r4aLC3KNs=
-43,70,KZQQZ/3BtcHQ2qPIhV0mEBT8E7Q=,0s/fZFiTQlPmBcvAV5r4aLC3KNs=
-42,70,KZQQZ/3BtcHQ2qPIhV0mEBT8E7Q=,0s/fZFiTQlPmBcvAV5r4aLC3KNs=
-40,69,KZQQZ/3BtcHQ2qPIhV0mEBT8E7Q=,qdRgCsmnek7anUQS7wb2ZwSnT40=
-41,70,KZQQZ/3BtcHQ2qPIhV0mEBT8E7Q=,0s/fZFiTQlPmBcvAV5r4aLC3KNs=
-40,70,KZQQZ/3BtcHQ2qPIhV0mEBT8E7Q=,qdRgCsmnek7anUQS7wb2ZwSnT40=
-41,69,KZQQZ/3BtcHQ2qPIhV0mEBT8E7Q=,0s/fZFiTQlPmBcvAV5r4aLC3KNs=
-42,69,KZQQZ/3BtcHQ2qPIhV0mEBT8E7Q=,0s/fZFiTQlPmBcvAV5r4aLC3KNs=
-46,70,KZQQZ/3BtcHQ2qPIhV0mEBT8E7Q=,ffmr9h83qbk1A7+r2ySyofeR6tE=
-44,70,KZQQZ/3BtcHQ2qPIhV0mEBT8E7Q=,0s/fZFiTQlPmBcvAV5r4aLC3KNs=
-44,69,KZQQZ/3BtcHQ2qPIhV0mEBT8E7Q=,0s/fZFiTQlPmBcvAV5r4aLC3KNs=
-46,69,KZQQZ/3BtcHQ2qPIhV0mEBT8E7Q=,ffmr9h83qbk1A7+r2ySyofeR6tE=
-48,70,KZQQZ/3BtcHQ2qPIhV0mEBT8E7Q=,ffmr9h83qbk1A7+r2ySyofeR6tE=
-45,69,KZQQZ/3BtcHQ2qPIhV0mEBT8E7Q=,ffmr9h83qbk1A7+r2ySyofeR6tE=
-47,69,KZQQZ/3BtcHQ2qPIhV0mEBT8E7Q=,ffmr9h83qbk1A7+r2ySyofeR6tE=
-47,70,KZQQZ/3BtcHQ2qPIhV0mEBT8E7Q=,ffmr9h83qbk1A7+r2ySyofeR6tE=
-48,69,KZQQZ/3BtcHQ2qPIhV0mEBT8E7Q=,ffmr9h83qbk1A7+r2ySyofeR6tE=
-45,70,KZQQZ/3BtcHQ2qPIhV0mEBT8E7Q=,ffmr9h83qbk1A7+r2ySyofeR6tE=
-42,72,6t+7u+wKzp2jaZYKA/kBI1ZrI2A=,8b1/QFImHgI++lMx9cNOsZqnlMo=
-42,74,6t+7u+wKzp2jaZYKA/kBI1ZrI2A=,8b1/QFImHgI++lMx9cNOsZqnlMo=
-40,72,6t+7u+wKzp2jaZYKA/kBI1ZrI2A=,YpTJXFdBzfOwnu0ssmXaxiob4ic=
-42,71,6t+7u+wKzp2jaZYKA/kBI1ZrI2A=,0s/fZFiTQlPmBcvAV5r4aLC3KNs=
-43,71,6t+7u+wKzp2jaZYKA/kBI1ZrI2A=,0s/fZFiTQlPmBcvAV5r4aLC3KNs=
-41,71,6t+7u+wKzp2jaZYKA/kBI1ZrI2A=,0s/fZFiTQlPmBcvAV5r4aLC3KNs=
-43,74,6t+7u+wKzp2jaZYKA/kBI1ZrI2A=,8b1/QFImHgI++lMx9cNOsZqnlMo=
-40,74,6t+7u+wKzp2jaZYKA/kBI1ZrI2A=,YpTJXFdBzfOwnu0ssmXaxiob4ic=
-43,73,6t+7u+wKzp2jaZYKA/kBI1ZrI2A=,8b1/QFImHgI++lMx9cNOsZqnlMo=
-40,73,6t+7u+wKzp2jaZYKA/kBI1ZrI2A=,YpTJXFdBzfOwnu0ssmXaxiob4ic=
-41,72,6t+7u+wKzp2jaZYKA/kBI1ZrI2A=,8b1/QFImHgI++lMx9cNOsZqnlMo=
-41,74,6t+7u+wKzp2jaZYKA/kBI1ZrI2A=,8b1/QFImHgI++lMx9cNOsZqnlMo=
-43,72,6t+7u+wKzp2jaZYKA/kBI1ZrI2A=,8b1/QFImHgI++lMx9cNOsZqnlMo=
-42,73,6t+7u+wKzp2jaZYKA/kBI1ZrI2A=,8b1/QFImHgI++lMx9cNOsZqnlMo=
-41,73,6t+7u+wKzp2jaZYKA/kBI1ZrI2A=,8b1/QFImHgI++lMx9cNOsZqnlMo=
-40,71,6t+7u+wKzp2jaZYKA/kBI1ZrI2A=,qdRgCsmnek7anUQS7wb2ZwSnT40=
-44,73,6t+7u+wKzp2jaZYKA/kBI1ZrI2A=,8b1/QFImHgI++lMx9cNOsZqnlMo=
-47,74,6t+7u+wKzp2jaZYKA/kBI1ZrI2A=,QNg488tC+31NyIJL/QREtFXPafM=
-45,72,6t+7u+wKzp2jaZYKA/kBI1ZrI2A=,QNg488tC+31NyIJL/QREtFXPafM=
-44,74,6t+7u+wKzp2jaZYKA/kBI1ZrI2A=,8b1/QFImHgI++lMx9cNOsZqnlMo=
-47,72,6t+7u+wKzp2jaZYKA/kBI1ZrI2A=,QNg488tC+31NyIJL/QREtFXPafM=
-46,72,6t+7u+wKzp2jaZYKA/kBI1ZrI2A=,QNg488tC+31NyIJL/QREtFXPafM=
-45,74,6t+7u+wKzp2jaZYKA/kBI1ZrI2A=,QNg488tC+31NyIJL/QREtFXPafM=
-45,73,6t+7u+wKzp2jaZYKA/kBI1ZrI2A=,QNg488tC+31NyIJL/QREtFXPafM=
-46,71,6t+7u+wKzp2jaZYKA/kBI1ZrI2A=,ffmr9h83qbk1A7+r2ySyofeR6tE=
-47,73,6t+7u+wKzp2jaZYKA/kBI1ZrI2A=,QNg488tC+31NyIJL/QREtFXPafM=
-44,72,6t+7u+wKzp2jaZYKA/kBI1ZrI2A=,8b1/QFImHgI++lMx9cNOsZqnlMo=
-46,74,6t+7u+wKzp2jaZYKA/kBI1ZrI2A=,QNg488tC+31NyIJL/QREtFXPafM=
-46,73,6t+7u+wKzp2jaZYKA/kBI1ZrI2A=,QNg488tC+31NyIJL/QREtFXPafM=
-47,71,6t+7u+wKzp2jaZYKA/kBI1ZrI2A=,ffmr9h83qbk1A7+r2ySyofeR6tE=
-44,71,6t+7u+wKzp2jaZYKA/kBI1ZrI2A=,0s/fZFiTQlPmBcvAV5r4aLC3KNs=
-45,71,6t+7u+wKzp2jaZYKA/kBI1ZrI2A=,ffmr9h83qbk1A7+r2ySyofeR6tE=
-47,75,6t+7u+wKzp2jaZYKA/kBI1ZrI2A=,QNg488tC+31NyIJL/QREtFXPafM=
-47,78,6t+7u+wKzp2jaZYKA/kBI1ZrI2A=,H7EsZ89d5lr6QrE9ydgbyDy/Vis=
-46,77,6t+7u+wKzp2jaZYKA/kBI1ZrI2A=,H7EsZ89d5lr6QrE9ydgbyDy/Vis=
-47,77,6t+7u+wKzp2jaZYKA/kBI1ZrI2A=,H7EsZ89d5lr6QrE9ydgbyDy/Vis=
-46,76,6t+7u+wKzp2jaZYKA/kBI1ZrI2A=,H7EsZ89d5lr6QrE9ydgbyDy/Vis=
-46,78,6t+7u+wKzp2jaZYKA/kBI1ZrI2A=,H7EsZ89d5lr6QrE9ydgbyDy/Vis=
-47,76,6t+7u+wKzp2jaZYKA/kBI1ZrI2A=,H7EsZ89d5lr6QrE9ydgbyDy/Vis=
-46,75,6t+7u+wKzp2jaZYKA/kBI1ZrI2A=,QNg488tC+31NyIJL/QREtFXPafM=
-45,75,6t+7u+wKzp2jaZYKA/kBI1ZrI2A=,QNg488tC+31NyIJL/QREtFXPafM=
-42,77,6t+7u+wKzp2jaZYKA/kBI1ZrI2A=,p3BCleTLD8L4P58JKZTSa7WFqgw=
-42,78,6t+7u+wKzp2jaZYKA/kBI1ZrI2A=,p3BCleTLD8L4P58JKZTSa7WFqgw=
-42,75,6t+7u+wKzp2jaZYKA/kBI1ZrI2A=,8b1/QFImHgI++lMx9cNOsZqnlMo=
-43,75,6t+7u+wKzp2jaZYKA/kBI1ZrI2A=,8b1/QFImHgI++lMx9cNOsZqnlMo=
-44,76,6t+7u+wKzp2jaZYKA/kBI1ZrI2A=,p3BCleTLD8L4P58JKZTSa7WFqgw=
-44,78,6t+7u+wKzp2jaZYKA/kBI1ZrI2A=,p3BCleTLD8L4P58JKZTSa7WFqgw=
-45,76,6t+7u+wKzp2jaZYKA/kBI1ZrI2A=,H7EsZ89d5lr6QrE9ydgbyDy/Vis=
-45,78,6t+7u+wKzp2jaZYKA/kBI1ZrI2A=,H7EsZ89d5lr6QrE9ydgbyDy/Vis=
-44,75,6t+7u+wKzp2jaZYKA/kBI1ZrI2A=,8b1/QFImHgI++lMx9cNOsZqnlMo=
-42,76,6t+7u+wKzp2jaZYKA/kBI1ZrI2A=,p3BCleTLD8L4P58JKZTSa7WFqgw=
-45,77,6t+7u+wKzp2jaZYKA/kBI1ZrI2A=,H7EsZ89d5lr6QrE9ydgbyDy/Vis=
-44,77,6t+7u+wKzp2jaZYKA/kBI1ZrI2A=,p3BCleTLD8L4P58JKZTSa7WFqgw=
-43,77,6t+7u+wKzp2jaZYKA/kBI1ZrI2A=,p3BCleTLD8L4P58JKZTSa7WFqgw=
-43,78,6t+7u+wKzp2jaZYKA/kBI1ZrI2A=,p3BCleTLD8L4P58JKZTSa7WFqgw=
-43,76,6t+7u+wKzp2jaZYKA/kBI1ZrI2A=,p3BCleTLD8L4P58JKZTSa7WFqgw=
-38,76,6t+7u+wKzp2jaZYKA/kBI1ZrI2A=,+Ywnm5GBmJvER/EHUJ9lCpZp4WA=
-39,76,6t+7u+wKzp2jaZYKA/kBI1ZrI2A=,+Ywnm5GBmJvER/EHUJ9lCpZp4WA=
-40,77,6t+7u+wKzp2jaZYKA/kBI1ZrI2A=,+Ywnm5GBmJvER/EHUJ9lCpZp4WA=
-40,76,6t+7u+wKzp2jaZYKA/kBI1ZrI2A=,+Ywnm5GBmJvER/EHUJ9lCpZp4WA=
-38,78,6t+7u+wKzp2jaZYKA/kBI1ZrI2A=,+Ywnm5GBmJvER/EHUJ9lCpZp4WA=
-41,78,6t+7u+wKzp2jaZYKA/kBI1ZrI2A=,p3BCleTLD8L4P58JKZTSa7WFqgw=
-39,75,6t+7u+wKzp2jaZYKA/kBI1ZrI2A=,YpTJXFdBzfOwnu0ssmXaxiob4ic=
-39,77,6t+7u+wKzp2jaZYKA/kBI1ZrI2A=,+Ywnm5GBmJvER/EHUJ9lCpZp4WA=
-38,75,6t+7u+wKzp2jaZYKA/kBI1ZrI2A=,YpTJXFdBzfOwnu0ssmXaxiob4ic=
-41,76,6t+7u+wKzp2jaZYKA/kBI1ZrI2A=,p3BCleTLD8L4P58JKZTSa7WFqgw=
-40,78,6t+7u+wKzp2jaZYKA/kBI1ZrI2A=,+Ywnm5GBmJvER/EHUJ9lCpZp4WA=
-41,77,6t+7u+wKzp2jaZYKA/kBI1ZrI2A=,p3BCleTLD8L4P58JKZTSa7WFqgw=
-38,77,6t+7u+wKzp2jaZYKA/kBI1ZrI2A=,+Ywnm5GBmJvER/EHUJ9lCpZp4WA=
-40,75,6t+7u+wKzp2jaZYKA/kBI1ZrI2A=,YpTJXFdBzfOwnu0ssmXaxiob4ic=
-39,78,6t+7u+wKzp2jaZYKA/kBI1ZrI2A=,+Ywnm5GBmJvER/EHUJ9lCpZp4WA=
-41,75,6t+7u+wKzp2jaZYKA/kBI1ZrI2A=,8b1/QFImHgI++lMx9cNOsZqnlMo=
-36,74,6t+7u+wKzp2jaZYKA/kBI1ZrI2A=,MOp5j/VQg0Sj2OXQqkSCIGZgvHI=
-34,73,6t+7u+wKzp2jaZYKA/kBI1ZrI2A=,MOp5j/VQg0Sj2OXQqkSCIGZgvHI=
-35,73,6t+7u+wKzp2jaZYKA/kBI1ZrI2A=,MOp5j/VQg0Sj2OXQqkSCIGZgvHI=
-36,73,6t+7u+wKzp2jaZYKA/kBI1ZrI2A=,MOp5j/VQg0Sj2OXQqkSCIGZgvHI=
-37,74,6t+7u+wKzp2jaZYKA/kBI1ZrI2A=,YpTJXFdBzfOwnu0ssmXaxiob4ic=
-35,74,6t+7u+wKzp2jaZYKA/kBI1ZrI2A=,MOp5j/VQg0Sj2OXQqkSCIGZgvHI=
-37,73,6t+7u+wKzp2jaZYKA/kBI1ZrI2A=,YpTJXFdBzfOwnu0ssmXaxiob4ic=
-37,76,6t+7u+wKzp2jaZYKA/kBI1ZrI2A=,+Ywnm5GBmJvER/EHUJ9lCpZp4WA=
-36,77,6t+7u+wKzp2jaZYKA/kBI1ZrI2A=,4ClBEex0NjDIgCqVjTsrr0AOxd8=
-37,75,6t+7u+wKzp2jaZYKA/kBI1ZrI2A=,YpTJXFdBzfOwnu0ssmXaxiob4ic=
-35,77,6t+7u+wKzp2jaZYKA/kBI1ZrI2A=,4ClBEex0NjDIgCqVjTsrr0AOxd8=
-34,76,6t+7u+wKzp2jaZYKA/kBI1ZrI2A=,4ClBEex0NjDIgCqVjTsrr0AOxd8=
-34,74,6t+7u+wKzp2jaZYKA/kBI1ZrI2A=,MOp5j/VQg0Sj2OXQqkSCIGZgvHI=
-35,78,6t+7u+wKzp2jaZYKA/kBI1ZrI2A=,4ClBEex0NjDIgCqVjTsrr0AOxd8=
-37,78,6t+7u+wKzp2jaZYKA/kBI1ZrI2A=,+Ywnm5GBmJvER/EHUJ9lCpZp4WA=
-35,75,6t+7u+wKzp2jaZYKA/kBI1ZrI2A=,MOp5j/VQg0Sj2OXQqkSCIGZgvHI=
-34,75,6t+7u+wKzp2jaZYKA/kBI1ZrI2A=,MOp5j/VQg0Sj2OXQqkSCIGZgvHI=
-35,76,6t+7u+wKzp2jaZYKA/kBI1ZrI2A=,4ClBEex0NjDIgCqVjTsrr0AOxd8=
-36,78,6t+7u+wKzp2jaZYKA/kBI1ZrI2A=,4ClBEex0NjDIgCqVjTsrr0AOxd8=
-34,78,6t+7u+wKzp2jaZYKA/kBI1ZrI2A=,4ClBEex0NjDIgCqVjTsrr0AOxd8=
-34,77,6t+7u+wKzp2jaZYKA/kBI1ZrI2A=,4ClBEex0NjDIgCqVjTsrr0AOxd8=
-37,77,6t+7u+wKzp2jaZYKA/kBI1ZrI2A=,+Ywnm5GBmJvER/EHUJ9lCpZp4WA=
-36,75,6t+7u+wKzp2jaZYKA/kBI1ZrI2A=,MOp5j/VQg0Sj2OXQqkSCIGZgvHI=
-36,76,6t+7u+wKzp2jaZYKA/kBI1ZrI2A=,4ClBEex0NjDIgCqVjTsrr0AOxd8=
-36,69,6t+7u+wKzp2jaZYKA/kBI1ZrI2A=,oLajoqQvsmRyy9Gne8df220wDA0=
-37,70,6t+7u+wKzp2jaZYKA/kBI1ZrI2A=,qdRgCsmnek7anUQS7wb2ZwSnT40=
-37,72,0SiNwmJKReTVmlLdogEmHgADu7s=,YpTJXFdBzfOwnu0ssmXaxiob4ic=
-34,70,0SiNwmJKReTVmlLdogEmHgADu7s=,oLajoqQvsmRyy9Gne8df220wDA0=
-35,70,0SiNwmJKReTVmlLdogEmHgADu7s=,oLajoqQvsmRyy9Gne8df220wDA0=
-34,72,0SiNwmJKReTVmlLdogEmHgADu7s=,MOp5j/VQg0Sj2OXQqkSCIGZgvHI=
-35,69,0SiNwmJKReTVmlLdogEmHgADu7s=,oLajoqQvsmRyy9Gne8df220wDA0=
-35,72,0SiNwmJKReTVmlLdogEmHgADu7s=,MOp5j/VQg0Sj2OXQqkSCIGZgvHI=
-36,71,0SiNwmJKReTVmlLdogEmHgADu7s=,oLajoqQvsmRyy9Gne8df220wDA0=
-34,71,0SiNwmJKReTVmlLdogEmHgADu7s=,oLajoqQvsmRyy9Gne8df220wDA0=
-34,69,0SiNwmJKReTVmlLdogEmHgADu7s=,oLajoqQvsmRyy9Gne8df220wDA0=
-36,70,0SiNwmJKReTVmlLdogEmHgADu7s=,oLajoqQvsmRyy9Gne8df220wDA0=
-37,69,0SiNwmJKReTVmlLdogEmHgADu7s=,qdRgCsmnek7anUQS7wb2ZwSnT40=
-36,72,0SiNwmJKReTVmlLdogEmHgADu7s=,MOp5j/VQg0Sj2OXQqkSCIGZgvHI=
-35,71,0SiNwmJKReTVmlLdogEmHgADu7s=,oLajoqQvsmRyy9Gne8df220wDA0=
-37,71,0SiNwmJKReTVmlLdogEmHgADu7s=,qdRgCsmnek7anUQS7wb2ZwSnT40=
-34,68,0SiNwmJKReTVmlLdogEmHgADu7s=,oLajoqQvsmRyy9Gne8df220wDA0=
-35,68,0SiNwmJKReTVmlLdogEmHgADu7s=,oLajoqQvsmRyy9Gne8df220wDA0=
-35,66,0SiNwmJKReTVmlLdogEmHgADu7s=,n3171xYc7Z4G8bfEAgFrv7iRodY=
-34,67,0SiNwmJKReTVmlLdogEmHgADu7s=,n3171xYc7Z4G8bfEAgFrv7iRodY=
-35,65,0SiNwmJKReTVmlLdogEmHgADu7s=,n3171xYc7Z4G8bfEAgFrv7iRodY=
-35,67,0SiNwmJKReTVmlLdogEmHgADu7s=,n3171xYc7Z4G8bfEAgFrv7iRodY=
-34,65,0SiNwmJKReTVmlLdogEmHgADu7s=,n3171xYc7Z4G8bfEAgFrv7iRodY=
-34,66,0SiNwmJKReTVmlLdogEmHgADu7s=,n3171xYc7Z4G8bfEAgFrv7iRodY=
-48,68,0SiNwmJKReTVmlLdogEmHgADu7s=,ffmr9h83qbk1A7+r2ySyofeR6tE=
-48,65,0SiNwmJKReTVmlLdogEmHgADu7s=,+4TLV41q6VyDhQBzgMIHGubDdmc=
-47,68,0SiNwmJKReTVmlLdogEmHgADu7s=,ffmr9h83qbk1A7+r2ySyofeR6tE=
-48,66,0SiNwmJKReTVmlLdogEmHgADu7s=,+4TLV41q6VyDhQBzgMIHGubDdmc=
-46,68,0SiNwmJKReTVmlLdogEmHgADu7s=,ffmr9h83qbk1A7+r2ySyofeR6tE=
-35,64,0SiNwmJKReTVmlLdogEmHgADu7s=,n3171xYc7Z4G8bfEAgFrv7iRodY=
-47,67,0SiNwmJKReTVmlLdogEmHgADu7s=,+4TLV41q6VyDhQBzgMIHGubDdmc=
-46,64,0SiNwmJKReTVmlLdogEmHgADu7s=,+4TLV41q6VyDhQBzgMIHGubDdmc=
-47,66,0SiNwmJKReTVmlLdogEmHgADu7s=,+4TLV41q6VyDhQBzgMIHGubDdmc=
-34,64,0SiNwmJKReTVmlLdogEmHgADu7s=,n3171xYc7Z4G8bfEAgFrv7iRodY=
-46,66,0SiNwmJKReTVmlLdogEmHgADu7s=,+4TLV41q6VyDhQBzgMIHGubDdmc=
-48,67,0SiNwmJKReTVmlLdogEmHgADu7s=,+4TLV41q6VyDhQBzgMIHGubDdmc=
-47,64,0SiNwmJKReTVmlLdogEmHgADu7s=,+4TLV41q6VyDhQBzgMIHGubDdmc=
-46,65,0SiNwmJKReTVmlLdogEmHgADu7s=,+4TLV41q6VyDhQBzgMIHGubDdmc=
-33,64,0SiNwmJKReTVmlLdogEmHgADu7s=,n3171xYc7Z4G8bfEAgFrv7iRodY=
-33,66,0SiNwmJKReTVmlLdogEmHgADu7s=,n3171xYc7Z4G8bfEAgFrv7iRodY=
-46,67,0SiNwmJKReTVmlLdogEmHgADu7s=,+4TLV41q6VyDhQBzgMIHGubDdmc=
-33,65,0SiNwmJKReTVmlLdogEmHgADu7s=,n3171xYc7Z4G8bfEAgFrv7iRodY=
-44,65,0SiNwmJKReTVmlLdogEmHgADu7s=,xuSOljnegRvzDb13odyQH9ESSuQ=
-43,64,0SiNwmJKReTVmlLdogEmHgADu7s=,xuSOljnegRvzDb13odyQH9ESSuQ=
-44,64,0SiNwmJKReTVmlLdogEmHgADu7s=,xuSOljnegRvzDb13odyQH9ESSuQ=
-45,65,0SiNwmJKReTVmlLdogEmHgADu7s=,+4TLV41q6VyDhQBzgMIHGubDdmc=
-42,66,0SiNwmJKReTVmlLdogEmHgADu7s=,xuSOljnegRvzDb13odyQH9ESSuQ=
-42,68,0SiNwmJKReTVmlLdogEmHgADu7s=,0s/fZFiTQlPmBcvAV5r4aLC3KNs=
-45,66,0SiNwmJKReTVmlLdogEmHgADu7s=,+4TLV41q6VyDhQBzgMIHGubDdmc=
-42,64,0SiNwmJKReTVmlLdogEmHgADu7s=,xuSOljnegRvzDb13odyQH9ESSuQ=
-43,65,0SiNwmJKReTVmlLdogEmHgADu7s=,xuSOljnegRvzDb13odyQH9ESSuQ=
-47,65,0SiNwmJKReTVmlLdogEmHgADu7s=,+4TLV41q6VyDhQBzgMIHGubDdmc=
-44,68,0SiNwmJKReTVmlLdogEmHgADu7s=,0s/fZFiTQlPmBcvAV5r4aLC3KNs=
-45,64,0SiNwmJKReTVmlLdogEmHgADu7s=,+4TLV41q6VyDhQBzgMIHGubDdmc=
-45,67,0SiNwmJKReTVmlLdogEmHgADu7s=,+4TLV41q6VyDhQBzgMIHGubDdmc=
-43,67,0SiNwmJKReTVmlLdogEmHgADu7s=,xuSOljnegRvzDb13odyQH9ESSuQ=
-43,66,0SiNwmJKReTVmlLdogEmHgADu7s=,xuSOljnegRvzDb13odyQH9ESSuQ=
-44,67,0SiNwmJKReTVmlLdogEmHgADu7s=,xuSOljnegRvzDb13odyQH9ESSuQ=
-42,65,0SiNwmJKReTVmlLdogEmHgADu7s=,xuSOljnegRvzDb13odyQH9ESSuQ=
-45,68,0SiNwmJKReTVmlLdogEmHgADu7s=,ffmr9h83qbk1A7+r2ySyofeR6tE=
-43,68,0SiNwmJKReTVmlLdogEmHgADu7s=,0s/fZFiTQlPmBcvAV5r4aLC3KNs=
-33,69,0SiNwmJKReTVmlLdogEmHgADu7s=,oLajoqQvsmRyy9Gne8df220wDA0=
-33,68,0SiNwmJKReTVmlLdogEmHgADu7s=,oLajoqQvsmRyy9Gne8df220wDA0=
-33,70,0SiNwmJKReTVmlLdogEmHgADu7s=,oLajoqQvsmRyy9Gne8df220wDA0=
-44,66,0SiNwmJKReTVmlLdogEmHgADu7s=,xuSOljnegRvzDb13odyQH9ESSuQ=
-33,67,0SiNwmJKReTVmlLdogEmHgADu7s=,n3171xYc7Z4G8bfEAgFrv7iRodY=
-42,67,0SiNwmJKReTVmlLdogEmHgADu7s=,xuSOljnegRvzDb13odyQH9ESSuQ=
-41,66,0SiNwmJKReTVmlLdogEmHgADu7s=,xuSOljnegRvzDb13odyQH9ESSuQ=
-37,66,0SiNwmJKReTVmlLdogEmHgADu7s=,FR4NorQJL1NuzhpG4wJo/2qM4qc=
-41,68,0SiNwmJKReTVmlLdogEmHgADu7s=,0s/fZFiTQlPmBcvAV5r4aLC3KNs=
-41,64,0SiNwmJKReTVmlLdogEmHgADu7s=,xuSOljnegRvzDb13odyQH9ESSuQ=
-37,65,0SiNwmJKReTVmlLdogEmHgADu7s=,FR4NorQJL1NuzhpG4wJo/2qM4qc=
-36,66,0SiNwmJKReTVmlLdogEmHgADu7s=,n3171xYc7Z4G8bfEAgFrv7iRodY=
-36,68,0SiNwmJKReTVmlLdogEmHgADu7s=,oLajoqQvsmRyy9Gne8df220wDA0=
-39,65,0SiNwmJKReTVmlLdogEmHgADu7s=,FR4NorQJL1NuzhpG4wJo/2qM4qc=
-38,65,0SiNwmJKReTVmlLdogEmHgADu7s=,FR4NorQJL1NuzhpG4wJo/2qM4qc=
-36,64,0SiNwmJKReTVmlLdogEmHgADu7s=,n3171xYc7Z4G8bfEAgFrv7iRodY=
-37,64,0SiNwmJKReTVmlLdogEmHgADu7s=,FR4NorQJL1NuzhpG4wJo/2qM4qc=
-38,68,0SiNwmJKReTVmlLdogEmHgADu7s=,qdRgCsmnek7anUQS7wb2ZwSnT40=
-37,68,0SiNwmJKReTVmlLdogEmHgADu7s=,qdRgCsmnek7anUQS7wb2ZwSnT40=
-41,65,0SiNwmJKReTVmlLdogEmHgADu7s=,xuSOljnegRvzDb13odyQH9ESSuQ=
-39,68,0SiNwmJKReTVmlLdogEmHgADu7s=,qdRgCsmnek7anUQS7wb2ZwSnT40=
-38,64,0SiNwmJKReTVmlLdogEmHgADu7s=,FR4NorQJL1NuzhpG4wJo/2qM4qc=
-41,67,0SiNwmJKReTVmlLdogEmHgADu7s=,xuSOljnegRvzDb13odyQH9ESSuQ=
-39,64,0SiNwmJKReTVmlLdogEmHgADu7s=,FR4NorQJL1NuzhpG4wJo/2qM4qc=
-37,67,0SiNwmJKReTVmlLdogEmHgADu7s=,FR4NorQJL1NuzhpG4wJo/2qM4qc=
-38,67,0SiNwmJKReTVmlLdogEmHgADu7s=,FR4NorQJL1NuzhpG4wJo/2qM4qc=
-39,67,0SiNwmJKReTVmlLdogEmHgADu7s=,FR4NorQJL1NuzhpG4wJo/2qM4qc=
-40,64,0SiNwmJKReTVmlLdogEmHgADu7s=,FR4NorQJL1NuzhpG4wJo/2qM4qc=
-40,67,0SiNwmJKReTVmlLdogEmHgADu7s=,FR4NorQJL1NuzhpG4wJo/2qM4qc=
-36,67,0SiNwmJKReTVmlLdogEmHgADu7s=,n3171xYc7Z4G8bfEAgFrv7iRodY=
-39,66,0SiNwmJKReTVmlLdogEmHgADu7s=,FR4NorQJL1NuzhpG4wJo/2qM4qc=
-40,68,0SiNwmJKReTVmlLdogEmHgADu7s=,qdRgCsmnek7anUQS7wb2ZwSnT40=
-36,65,0SiNwmJKReTVmlLdogEmHgADu7s=,n3171xYc7Z4G8bfEAgFrv7iRodY=
-38,66,0SiNwmJKReTVmlLdogEmHgADu7s=,FR4NorQJL1NuzhpG4wJo/2qM4qc=
-33,73,0SiNwmJKReTVmlLdogEmHgADu7s=,MOp5j/VQg0Sj2OXQqkSCIGZgvHI=
-40,66,0SiNwmJKReTVmlLdogEmHgADu7s=,FR4NorQJL1NuzhpG4wJo/2qM4qc=
-40,65,0SiNwmJKReTVmlLdogEmHgADu7s=,FR4NorQJL1NuzhpG4wJo/2qM4qc=
-33,71,0SiNwmJKReTVmlLdogEmHgADu7s=,oLajoqQvsmRyy9Gne8df220wDA0=
-33,74,0SiNwmJKReTVmlLdogEmHgADu7s=,MOp5j/VQg0Sj2OXQqkSCIGZgvHI=
-33,72,0SiNwmJKReTVmlLdogEmHgADu7s=,MOp5j/VQg0Sj2OXQqkSCIGZgvHI=
-35,79,0SiNwmJKReTVmlLdogEmHgADu7s=,4ClBEex0NjDIgCqVjTsrr0AOxd8=
-34,79,0SiNwmJKReTVmlLdogEmHgADu7s=,4ClBEex0NjDIgCqVjTsrr0AOxd8=
-40,79,0SiNwmJKReTVmlLdogEmHgADu7s=,+Ywnm5GBmJvER/EHUJ9lCpZp4WA=
-37,79,0SiNwmJKReTVmlLdogEmHgADu7s=,+Ywnm5GBmJvER/EHUJ9lCpZp4WA=
-41,79,0SiNwmJKReTVmlLdogEmHgADu7s=,p3BCleTLD8L4P58JKZTSa7WFqgw=
-33,77,0SiNwmJKReTVmlLdogEmHgADu7s=,4ClBEex0NjDIgCqVjTsrr0AOxd8=
-42,79,0SiNwmJKReTVmlLdogEmHgADu7s=,p3BCleTLD8L4P58JKZTSa7WFqgw=
-36,79,0SiNwmJKReTVmlLdogEmHgADu7s=,4ClBEex0NjDIgCqVjTsrr0AOxd8=
-43,79,0SiNwmJKReTVmlLdogEmHgADu7s=,p3BCleTLD8L4P58JKZTSa7WFqgw=
-33,75,0SiNwmJKReTVmlLdogEmHgADu7s=,MOp5j/VQg0Sj2OXQqkSCIGZgvHI=
-33,76,0SiNwmJKReTVmlLdogEmHgADu7s=,4ClBEex0NjDIgCqVjTsrr0AOxd8=
-39,79,0SiNwmJKReTVmlLdogEmHgADu7s=,+Ywnm5GBmJvER/EHUJ9lCpZp4WA=
-38,79,0SiNwmJKReTVmlLdogEmHgADu7s=,+Ywnm5GBmJvER/EHUJ9lCpZp4WA=
-44,79,0SiNwmJKReTVmlLdogEmHgADu7s=,p3BCleTLD8L4P58JKZTSa7WFqgw=
-45,79,0SiNwmJKReTVmlLdogEmHgADu7s=,H7EsZ89d5lr6QrE9ydgbyDy/Vis=
-33,78,0SiNwmJKReTVmlLdogEmHgADu7s=,4ClBEex0NjDIgCqVjTsrr0AOxd8=
-47,79,0SiNwmJKReTVmlLdogEmHgADu7s=,H7EsZ89d5lr6QrE9ydgbyDy/Vis=
-46,79,0SiNwmJKReTVmlLdogEmHgADu7s=,H7EsZ89d5lr6QrE9ydgbyDy/Vis=
-48,74,0SiNwmJKReTVmlLdogEmHgADu7s=,QNg488tC+31NyIJL/QREtFXPafM=
-48,75,0SiNwmJKReTVmlLdogEmHgADu7s=,QNg488tC+31NyIJL/QREtFXPafM=
-48,73,0SiNwmJKReTVmlLdogEmHgADu7s=,QNg488tC+31NyIJL/QREtFXPafM=
-48,79,0SiNwmJKReTVmlLdogEmHgADu7s=,H7EsZ89d5lr6QrE9ydgbyDy/Vis=
-48,76,0SiNwmJKReTVmlLdogEmHgADu7s=,H7EsZ89d5lr6QrE9ydgbyDy/Vis=
-48,71,0SiNwmJKReTVmlLdogEmHgADu7s=,ffmr9h83qbk1A7+r2ySyofeR6tE=
-48,72,0SiNwmJKReTVmlLdogEmHgADu7s=,QNg488tC+31NyIJL/QREtFXPafM=
-48,78,0SiNwmJKReTVmlLdogEmHgADu7s=,H7EsZ89d5lr6QrE9ydgbyDy/Vis=
-48,77,0SiNwmJKReTVmlLdogEmHgADu7s=,H7EsZ89d5lr6QrE9ydgbyDy/Vis=
-48,64,0SiNwmJKReTVmlLdogEmHgADu7s=,+4TLV41q6VyDhQBzgMIHGubDdmc=
-33,79,0SiNwmJKReTVmlLdogEmHgADu7s=,4ClBEex0NjDIgCqVjTsrr0AOxd8=
