9,2,q7wQih4bmX9oYkg5naNUCs3Ixng=,q7vmBDEPNlXUXbPSyaOCkEOXkOk=
9,1,q7wQih4bmX9oYkg5naNUCs3Ixng=,q7vmBDEPNlXUXbPSyaOCkEOXkOk=
10,5,q7wQih4bmX9oYkg5naNUCs3Ixng=,8cUEHr4x+qVae30yxIm4+JgkP68=
10,2,q7wQih4bmX9oYkg5naNUCs3Ixng=,q7vmBDEPNlXUXbPSyaOCkEOXkOk=
10,6,q7wQih4bmX9oYkg5naNUCs3Ixng=,8cUEHr4x+qVae30yxIm4+JgkP68=
9,6,q7wQih4bmX9oYkg5naNUCs3Ixng=,8cUEHr4x+qVae30yxIm4+JgkP68=
9,4,q7wQih4bmX9oYkg5naNUCs3Ixng=,8cUEHr4x+qVae30yxIm4+JgkP68=
9,3,q7wQih4bmX9oYkg5naNUCs3Ixng=,q7vmBDEPNlXUXbPSyaOCkEOXkOk=
10,3,q7wQih4bmX9oYkg5naNUCs3Ixng=,q7vmBDEPNlXUXbPSyaOCkEOXkOk=
9,5,q7wQih4bmX9oYkg5naNUCs3Ixng=,8cUEHr4x+qVae30yxIm4+JgkP68=
10,4,q7wQih4bmX9oYkg5naNUCs3Ixng=,8cUEHr4x+qVae30yxIm4+JgkP68=
10,1,q7wQih4bmX9oYkg5naNUCs3Ixng=,q7vmBDEPNlXUXbPSyaOCkEOXkOk=
13,6,q7wQih4bmX9oYkg5naNUCs3Ixng=,Qn42YH8iBJOkfhMmDqqHDBSEqXI=
14,5,q7wQih4bmX9oYkg5naNUCs3Ixng=,Qn42YH8iBJOkfhMmDqqHDBSEqXI=
14,6,q7wQih4bmX9oYkg5naNUCs3Ixng=,Qn42YH8iBJOkfhMmDqqHDBSEqXI=
12,5,q7wQih4bmX9oYkg5naNUCs3Ixng=,Qn42YH8iBJOkfhMmDqqHDBSEqXI=
12,6,q7wQih4bmX9oYkg5naNUCs3Ixng=,Qn42YH8iBJOkfhMmDqqHDBSEqXI=
11,5,q7wQih4bmX9oYkg5naNUCs3Ixng=,8cUEHr4x+qVae30yxIm4+JgkP68=
13,5,q7wQih4bmX9oYkg5naNUCs3Ixng=,Qn42YH8iBJOkfhMmDqqHDBSEqXI=
11,6,q7wQih4bmX9oYkg5naNUCs3Ixng=,8cUEHr4x+qVae30yxIm4+JgkP68=
14,3,q7wQih4bmX9oYkg5naNUCs3Ixng=,g1cuEvLeNEuQE9aO/mBJBELdpGo=
11,2,q7wQih4bmX9oYkg5naNUCs3Ixng=,q7vmBDEPNlXUXbPSyaOCkEOXkOk=
12,2,q7wQih4bmX9oYkg5naNUCs3Ixng=,g1cuEvLeNEuQE9aO/mBJBELdpGo=
13,1,q7wQih4bmX9oYkg5naNUCs3Ixng=,g1cuEvLeNEuQE9aO/mBJBELdpGo=
14,1,q7wQih4bmX9oYkg5naNUCs3Ixng=,g1cuEvLeNEuQE9aO/mBJBELdpGo=
13,3,q7wQih4bmX9oYkg5naNUCs3Ixng=,g1cuEvLeNEuQE9aO/mBJBELdpGo=
13,4,q7wQih4bmX9oYkg5naNUCs3Ixng=,Qn42YH8iBJOkfhMmDqqHDBSEqXI=
12,3,q7wQih4bmX9oYkg5naNUCs3Ixng=,g1cuEvLeNEuQE9aO/mBJBELdpGo=
13,2,q7wQih4bmX9oYkg5naNUCs3Ixng=,g1cuEvLeNEuQE9aO/mBJBELdpGo=
12,1,q7wQih4bmX9oYkg5naNUCs3Ixng=,g1cuEvLeNEuQE9aO/mBJBELdpGo=
14,4,q7wQih4bmX9oYkg5naNUCs3Ixng=,Qn42YH8iBJOkfhMmDqqHDBSEqXI=
14,2,q7wQih4bmX9oYkg5naNUCs3Ixng=,g1cuEvLeNEuQE9aO/mBJBELdpGo=
11,1,q7wQih4bmX9oYkg5naNUCs3Ixng=,q7vmBDEPNlXUXbPSyaOCkEOXkOk=
12,4,q7wQih4bmX9oYkg5naNUCs3Ixng=,Qn42YH8iBJOkfhMmDqqHDBSEqXI=
11,3,q7wQih4bmX9oYkg5naNUCs3Ixng=,q7vmBDEPNlXUXbPSyaOCkEOXkOk=
11,4,q7wQih4bmX9oYkg5naNUCs3Ixng=,8cUEHr4x+qVae30yxIm4+JgkP68=
10,14,G5qKLgkaLuZw/MRLVNDRvKsQlIA=,avtPrN1t5ENkA3Bpi2YibzIE344=
9,14,G5qKLgkaLuZw/MRLVNDRvKsQlIA=,avtPrN1t5ENkA3Bpi2YibzIE344=
10,13,G5qKLgkaLuZw/MRLVNDRvKsQlIA=,avtPrN1t5ENkA3Bpi2YibzIE344=
9,13,G5qKLgkaLuZw/MRLVNDRvKsQlIA=,avtPrN1t5ENkA3Bpi2YibzIE344=
14,13,2SdkvDSKnrTHbWAOo2bxJxBYf80=,Akbr3bCgAUd7GYkgnq+oHPO7OYs=
11,13,2SdkvDSKnrTHbWAOo2bxJxBYf80=,avtPrN1t5ENkA3Bpi2YibzIE344=
14,7,2SdkvDSKnrTHbWAOo2bxJxBYf80=,Qn42YH8iBJOkfhMmDqqHDBSEqXI=
14,12,2SdkvDSKnrTHbWAOo2bxJxBYf80=,Akbr3bCgAUd7GYkgnq+oHPO7OYs=
14,14,2SdkvDSKnrTHbWAOo2bxJxBYf80=,Akbr3bCgAUd7GYkgnq+oHPO7OYs=
14,11,2SdkvDSKnrTHbWAOo2bxJxBYf80=,eCXpZ45PRLrsgVp9iEV0ISd2F1E=
13,9,2SdkvDSKnrTHbWAOo2bxJxBYf80=,eCXpZ45PRLrsgVp9iEV0ISd2F1E=
13,7,2SdkvDSKnrTHbWAOo2bxJxBYf80=,Qn42YH8iBJOkfhMmDqqHDBSEqXI=
14,9,2SdkvDSKnrTHbWAOo2bxJxBYf80=,eCXpZ45PRLrsgVp9iEV0ISd2F1E=
11,14,2SdkvDSKnrTHbWAOo2bxJxBYf80=,avtPrN1t5ENkA3Bpi2YibzIE344=
13,13,2SdkvDSKnrTHbWAOo2bxJxBYf80=,Akbr3bCgAUd7GYkgnq+oHPO7OYs=
13,8,2SdkvDSKnrTHbWAOo2bxJxBYf80=,eCXpZ45PRLrsgVp9iEV0ISd2F1E=
13,14,2SdkvDSKnrTHbWAOo2bxJxBYf80=,Akbr3bCgAUd7GYkgnq+oHPO7OYs=
13,10,2SdkvDSKnrTHbWAOo2bxJxBYf80=,eCXpZ45PRLrsgVp9iEV0ISd2F1E=
14,8,2SdkvDSKnrTHbWAOo2bxJxBYf80=,eCXpZ45PRLrsgVp9iEV0ISd2F1E=
13,12,2SdkvDSKnrTHbWAOo2bxJxBYf80=,Akbr3bCgAUd7GYkgnq+oHPO7OYs=
13,11,2SdkvDSKnrTHbWAOo2bxJxBYf80=,eCXpZ45PRLrsgVp9iEV0ISd2F1E=
14,10,2SdkvDSKnrTHbWAOo2bxJxBYf80=,eCXpZ45PRLrsgVp9iEV0ISd2F1E=
12,14,2SdkvDSKnrTHbWAOo2bxJxBYf80=,Akbr3bCgAUd7GYkgnq+oHPO7OYs=
12,13,2SdkvDSKnrTHbWAOo2bxJxBYf80=,Akbr3bCgAUd7GYkgnq+oHPO7OYs=
11,12,2SdkvDSKnrTHbWAOo2bxJxBYf80=,avtPrN1t5ENkA3Bpi2YibzIE344=
11,7,2SdkvDSKnrTHbWAOo2bxJxBYf80=,8cUEHr4x+qVae30yxIm4+JgkP68=
12,11,2SdkvDSKnrTHbWAOo2bxJxBYf80=,eCXpZ45PRLrsgVp9iEV0ISd2F1E=
10,10,2SdkvDSKnrTHbWAOo2bxJxBYf80=,Mct2KEm305IbclsOxaFGBP1R2O4=
9,11,2SdkvDSKnrTHbWAOo2bxJxBYf80=,Mct2KEm305IbclsOxaFGBP1R2O4=
11,9,2SdkvDSKnrTHbWAOo2bxJxBYf80=,Mct2KEm305IbclsOxaFGBP1R2O4=
12,8,2SdkvDSKnrTHbWAOo2bxJxBYf80=,eCXpZ45PRLrsgVp9iEV0ISd2F1E=
12,7,2SdkvDSKnrTHbWAOo2bxJxBYf80=,Qn42YH8iBJOkfhMmDqqHDBSEqXI=
10,9,2SdkvDSKnrTHbWAOo2bxJxBYf80=,Mct2KEm305IbclsOxaFGBP1R2O4=
10,11,2SdkvDSKnrTHbWAOo2bxJxBYf80=,Mct2KEm305IbclsOxaFGBP1R2O4=
9,9,2SdkvDSKnrTHbWAOo2bxJxBYf80=,Mct2KEm305IbclsOxaFGBP1R2O4=
10,12,2SdkvDSKnrTHbWAOo2bxJxBYf80=,avtPrN1t5ENkA3Bpi2YibzIE344=
12,12,2SdkvDSKnrTHbWAOo2bxJxBYf80=,Akbr3bCgAUd7GYkgnq+oHPO7OYs=
11,11,2SdkvDSKnrTHbWAOo2bxJxBYf80=,Mct2KEm305IbclsOxaFGBP1R2O4=
11,10,2SdkvDSKnrTHbWAOo2bxJxBYf80=,Mct2KEm305IbclsOxaFGBP1R2O4=
11,8,2SdkvDSKnrTHbWAOo2bxJxBYf80=,Mct2KEm305IbclsOxaFGBP1R2O4=
10,8,2SdkvDSKnrTHbWAOo2bxJxBYf80=,Mct2KEm305IbclsOxaFGBP1R2O4=
9,8,2SdkvDSKnrTHbWAOo2bxJxBYf80=,Mct2KEm305IbclsOxaFGBP1R2O4=
12,9,2SdkvDSKnrTHbWAOo2bxJxBYf80=,eCXpZ45PRLrsgVp9iEV0ISd2F1E=
12,10,2SdkvDSKnrTHbWAOo2bxJxBYf80=,eCXpZ45PRLrsgVp9iEV0ISd2F1E=
10,7,2SdkvDSKnrTHbWAOo2bxJxBYf80=,8cUEHr4x+qVae30yxIm4+JgkP68=
9,7,2SdkvDSKnrTHbWAOo2bxJxBYf80=,8cUEHr4x+qVae30yxIm4+JgkP68=
9,12,2SdkvDSKnrTHbWAOo2bxJxBYf80=,avtPrN1t5ENkA3Bpi2YibzIE344=
9,10,2SdkvDSKnrTHbWAOo2bxJxBYf80=,Mct2KEm305IbclsOxaFGBP1R2O4=
5,14,Dpo9reW6PjbtKYTD+EBDOD4I3aI=,upSsKxYM6RiYVNvvOO3fSjq4cI0=
8,13,Dpo9reW6PjbtKYTD+EBDOD4I3aI=,avtPrN1t5ENkA3Bpi2YibzIE344=
8,14,Dpo9reW6PjbtKYTD+EBDOD4I3aI=,avtPrN1t5ENkA3Bpi2YibzIE344=
6,14,Dpo9reW6PjbtKYTD+EBDOD4I3aI=,upSsKxYM6RiYVNvvOO3fSjq4cI0=
7,14,Dpo9reW6PjbtKYTD+EBDOD4I3aI=,upSsKxYM6RiYVNvvOO3fSjq4cI0=
5,13,Dpo9reW6PjbtKYTD+EBDOD4I3aI=,upSsKxYM6RiYVNvvOO3fSjq4cI0=
6,13,Dpo9reW6PjbtKYTD+EBDOD4I3aI=,upSsKxYM6RiYVNvvOO3fSjq4cI0=
7,13,Dpo9reW6PjbtKYTD+EBDOD4I3aI=,upSsKxYM6RiYVNvvOO3fSjq4cI0=
8,9,Dpo9reW6PjbtKYTD+EBDOD4I3aI=,Mct2KEm305IbclsOxaFGBP1R2O4=
1,10,Dpo9reW6PjbtKYTD+EBDOD4I3aI=,Da78nw+PExXKs//1sBA4qOAPBlc=
8,12,Dpo9reW6PjbtKYTD+EBDOD4I3aI=,avtPrN1t5ENkA3Bpi2YibzIE344=
3,9,Dpo9reW6PjbtKYTD+EBDOD4I3aI=,Da78nw+PExXKs//1sBA4qOAPBlc=
7,10,Dpo9reW6PjbtKYTD+EBDOD4I3aI=,6TmD4+QTfaG0jfXnJYBjPkfFjbc=
7,11,Dpo9reW6PjbtKYTD+EBDOD4I3aI=,6TmD4+QTfaG0jfXnJYBjPkfFjbc=
2,9,Dpo9reW6PjbtKYTD+EBDOD4I3aI=,Da78nw+PExXKs//1sBA4qOAPBlc=
6,9,Dpo9reW6PjbtKYTD+EBDOD4I3aI=,6TmD4+QTfaG0jfXnJYBjPkfFjbc=
2,10,Dpo9reW6PjbtKYTD+EBDOD4I3aI=,Da78nw+PExXKs//1sBA4qOAPBlc=
5,12,Dpo9reW6PjbtKYTD+EBDOD4I3aI=,upSsKxYM6RiYVNvvOO3fSjq4cI0=
3,10,Dpo9reW6PjbtKYTD+EBDOD4I3aI=,Da78nw+PExXKs//1sBA4qOAPBlc=
5,11,Dpo9reW6PjbtKYTD+EBDOD4I3aI=,6TmD4+QTfaG0jfXnJYBjPkfFjbc=
8,10,Dpo9reW6PjbtKYTD+EBDOD4I3aI=,Mct2KEm305IbclsOxaFGBP1R2O4=
1,9,Dpo9reW6PjbtKYTD+EBDOD4I3aI=,Da78nw+PExXKs//1sBA4qOAPBlc=
7,9,Dpo9reW6PjbtKYTD+EBDOD4I3aI=,6TmD4+QTfaG0jfXnJYBjPkfFjbc=
6,12,Dpo9reW6PjbtKYTD+EBDOD4I3aI=,upSsKxYM6RiYVNvvOO3fSjq4cI0=
5,9,Dpo9reW6PjbtKYTD+EBDOD4I3aI=,6TmD4+QTfaG0jfXnJYBjPkfFjbc=
7,12,Dpo9reW6PjbtKYTD+EBDOD4I3aI=,upSsKxYM6RiYVNvvOO3fSjq4cI0=
4,10,Dpo9reW6PjbtKYTD+EBDOD4I3aI=,6TmD4+QTfaG0jfXnJYBjPkfFjbc=
6,11,Dpo9reW6PjbtKYTD+EBDOD4I3aI=,6TmD4+QTfaG0jfXnJYBjPkfFjbc=
4,9,Dpo9reW6PjbtKYTD+EBDOD4I3aI=,6TmD4+QTfaG0jfXnJYBjPkfFjbc=
6,10,Dpo9reW6PjbtKYTD+EBDOD4I3aI=,6TmD4+QTfaG0jfXnJYBjPkfFjbc=
8,11,Dpo9reW6PjbtKYTD+EBDOD4I3aI=,Mct2KEm305IbclsOxaFGBP1R2O4=
5,10,Dpo9reW6PjbtKYTD+EBDOD4I3aI=,6TmD4+QTfaG0jfXnJYBjPkfFjbc=
4,14,Dpo9reW6PjbtKYTD+EBDOD4I3aI=,upSsKxYM6RiYVNvvOO3fSjq4cI0=
2,11,Dpo9reW6PjbtKYTD+EBDOD4I3aI=,Da78nw+PExXKs//1sBA4qOAPBlc=
1,11,Dpo9reW6PjbtKYTD+EBDOD4I3aI=,Da78nw+PExXKs//1sBA4qOAPBlc=
1,12,Dpo9reW6PjbtKYTD+EBDOD4I3aI=,ICfwtYYXcjFQ1cLvU1Y5tmUPZCo=
4,11,Dpo9reW6PjbtKYTD+EBDOD4I3aI=,6TmD4+QTfaG0jfXnJYBjPkfFjbc=
3,12,Dpo9reW6PjbtKYTD+EBDOD4I3aI=,ICfwtYYXcjFQ1cLvU1Y5tmUPZCo=
4,12,Dpo9reW6PjbtKYTD+EBDOD4I3aI=,upSsKxYM6RiYVNvvOO3fSjq4cI0=
2,14,Dpo9reW6PjbtKYTD+EBDOD4I3aI=,ICfwtYYXcjFQ1cLvU1Y5tmUPZCo=
1,13,Dpo9reW6PjbtKYTD+EBDOD4I3aI=,ICfwtYYXcjFQ1cLvU1Y5tmUPZCo=
4,13,Dpo9reW6PjbtKYTD+EBDOD4I3aI=,upSsKxYM6RiYVNvvOO3fSjq4cI0=
2,12,Dpo9reW6PjbtKYTD+EBDOD4I3aI=,ICfwtYYXcjFQ1cLvU1Y5tmUPZCo=
1,14,Dpo9reW6PjbtKYTD+EBDOD4I3aI=,ICfwtYYXcjFQ1cLvU1Y5tmUPZCo=
3,13,Dpo9reW6PjbtKYTD+EBDOD4I3aI=,ICfwtYYXcjFQ1cLvU1Y5tmUPZCo=
3,11,Dpo9reW6PjbtKYTD+EBDOD4I3aI=,Da78nw+PExXKs//1sBA4qOAPBlc=
2,13,Dpo9reW6PjbtKYTD+EBDOD4I3aI=,ICfwtYYXcjFQ1cLvU1Y5tmUPZCo=
3,14,Dpo9reW6PjbtKYTD+EBDOD4I3aI=,ICfwtYYXcjFQ1cLvU1Y5tmUPZCo=
7,6,1VO02ZQkK5CeHFkHKmqS2nSrHgg=,gcu3G+IyouixwcJhcEPOD3tk9y0=
7,7,1VO02ZQkK5CeHFkHKmqS2nSrHgg=,gcu3G+IyouixwcJhcEPOD3tk9y0=
5,8,1VO02ZQkK5CeHFkHKmqS2nSrHgg=,6TmD4+QTfaG0jfXnJYBjPkfFjbc=
8,5,1VO02ZQkK5CeHFkHKmqS2nSrHgg=,8cUEHr4x+qVae30yxIm4+JgkP68=
6,5,1VO02ZQkK5CeHFkHKmqS2nSrHgg=,gcu3G+IyouixwcJhcEPOD3tk9y0=
8,6,1VO02ZQkK5CeHFkHKmqS2nSrHgg=,8cUEHr4x+qVae30yxIm4+JgkP68=
6,8,1VO02ZQkK5CeHFkHKmqS2nSrHgg=,6TmD4+QTfaG0jfXnJYBjPkfFjbc=
8,8,1VO02ZQkK5CeHFkHKmqS2nSrHgg=,Mct2KEm305IbclsOxaFGBP1R2O4=
8,7,1VO02ZQkK5CeHFkHKmqS2nSrHgg=,8cUEHr4x+qVae30yxIm4+JgkP68=
7,8,1VO02ZQkK5CeHFkHKmqS2nSrHgg=,6TmD4+QTfaG0jfXnJYBjPkfFjbc=
5,5,1VO02ZQkK5CeHFkHKmqS2nSrHgg=,gcu3G+IyouixwcJhcEPOD3tk9y0=
6,7,1VO02ZQkK5CeHFkHKmqS2nSrHgg=,gcu3G+IyouixwcJhcEPOD3tk9y0=
6,6,1VO02ZQkK5CeHFkHKmqS2nSrHgg=,gcu3G+IyouixwcJhcEPOD3tk9y0=
5,7,1VO02ZQkK5CeHFkHKmqS2nSrHgg=,gcu3G+IyouixwcJhcEPOD3tk9y0=
7,5,1VO02ZQkK5CeHFkHKmqS2nSrHgg=,gcu3G+IyouixwcJhcEPOD3tk9y0=
5,6,1VO02ZQkK5CeHFkHKmqS2nSrHgg=,gcu3G+IyouixwcJhcEPOD3tk9y0=
4,8,1VO02ZQkK5CeHFkHKmqS2nSrHgg=,6TmD4+QTfaG0jfXnJYBjPkfFjbc=
1,5,1VO02ZQkK5CeHFkHKmqS2nSrHgg=,eAvf4ilmA4d3H6HWqYRMSXJhV3g=
2,5,1VO02ZQkK5CeHFkHKmqS2nSrHgg=,eAvf4ilmA4d3H6HWqYRMSXJhV3g=
3,8,1VO02ZQkK5CeHFkHKmqS2nSrHgg=,Da78nw+PExXKs//1sBA4qOAPBlc=
2,8,1VO02ZQkK5CeHFkHKmqS2nSrHgg=,Da78nw+PExXKs//1sBA4qOAPBlc=
2,7,1VO02ZQkK5CeHFkHKmqS2nSrHgg=,eAvf4ilmA4d3H6HWqYRMSXJhV3g=
1,6,1VO02ZQkK5CeHFkHKmqS2nSrHgg=,eAvf4ilmA4d3H6HWqYRMSXJhV3g=
3,6,1VO02ZQkK5CeHFkHKmqS2nSrHgg=,eAvf4ilmA4d3H6HWqYRMSXJhV3g=
4,5,1VO02ZQkK5CeHFkHKmqS2nSrHgg=,gcu3G+IyouixwcJhcEPOD3tk9y0=
2,6,1VO02ZQkK5CeHFkHKmqS2nSrHgg=,eAvf4ilmA4d3H6HWqYRMSXJhV3g=
4,7,1VO02ZQkK5CeHFkHKmqS2nSrHgg=,gcu3G+IyouixwcJhcEPOD3tk9y0=
4,6,1VO02ZQkK5CeHFkHKmqS2nSrHgg=,gcu3G+IyouixwcJhcEPOD3tk9y0=
3,5,1VO02ZQkK5CeHFkHKmqS2nSrHgg=,eAvf4ilmA4d3H6HWqYRMSXJhV3g=
3,7,1VO02ZQkK5CeHFkHKmqS2nSrHgg=,eAvf4ilmA4d3H6HWqYRMSXJhV3g=
0,6,1VO02ZQkK5CeHFkHKmqS2nSrHgg=,eAvf4ilmA4d3H6HWqYRMSXJhV3g=
1,7,1VO02ZQkK5CeHFkHKmqS2nSrHgg=,eAvf4ilmA4d3H6HWqYRMSXJhV3g=
0,5,1VO02ZQkK5CeHFkHKmqS2nSrHgg=,eAvf4ilmA4d3H6HWqYRMSXJhV3g=
1,8,1VO02ZQkK5CeHFkHKmqS2nSrHgg=,Da78nw+PExXKs//1sBA4qOAPBlc=
1,1,1VO02ZQkK5CeHFkHKmqS2nSrHgg=,3cxG09ybB3dy2xwfAkE4duBZ2Bs=
2,3,1VO02ZQkK5CeHFkHKmqS2nSrHgg=,3cxG09ybB3dy2xwfAkE4duBZ2Bs=
1,2,1VO02ZQkK5CeHFkHKmqS2nSrHgg=,3cxG09ybB3dy2xwfAkE4duBZ2Bs=
2,1,1VO02ZQkK5CeHFkHKmqS2nSrHgg=,3cxG09ybB3dy2xwfAkE4duBZ2Bs=
1,4,1VO02ZQkK5CeHFkHKmqS2nSrHgg=,eAvf4ilmA4d3H6HWqYRMSXJhV3g=
0,2,1VO02ZQkK5CeHFkHKmqS2nSrHgg=,3cxG09ybB3dy2xwfAkE4duBZ2Bs=
2,0,1VO02ZQkK5CeHFkHKmqS2nSrHgg=,3cxG09ybB3dy2xwfAkE4duBZ2Bs=
0,4,1VO02ZQkK5CeHFkHKmqS2nSrHgg=,eAvf4ilmA4d3H6HWqYRMSXJhV3g=
2,2,1VO02ZQkK5CeHFkHKmqS2nSrHgg=,3cxG09ybB3dy2xwfAkE4duBZ2Bs=
2,4,1VO02ZQkK5CeHFkHKmqS2nSrHgg=,eAvf4ilmA4d3H6HWqYRMSXJhV3g=
0,3,1VO02ZQkK5CeHFkHKmqS2nSrHgg=,3cxG09ybB3dy2xwfAkE4duBZ2Bs=
0,1,1VO02ZQkK5CeHFkHKmqS2nSrHgg=,3cxG09ybB3dy2xwfAkE4duBZ2Bs=
1,3,1VO02ZQkK5CeHFkHKmqS2nSrHgg=,3cxG09ybB3dy2xwfAkE4duBZ2Bs=
10,0,1VO02ZQkK5CeHFkHKmqS2nSrHgg=,q7vmBDEPNlXUXbPSyaOCkEOXkOk=
4,2,1VO02ZQkK5CeHFkHKmqS2nSrHgg=,dzEuAhVUvRhN0WRCO7glIn/NR2M=
4,0,1VO02ZQkK5CeHFkHKmqS2nSrHgg=,dzEuAhVUvRhN0WRCO7glIn/NR2M=
9,0,1VO02ZQkK5CeHFkHKmqS2nSrHgg=,q7vmBDEPNlXUXbPSyaOCkEOXkOk=
3,1,1VO02ZQkK5CeHFkHKmqS2nSrHgg=,3cxG09ybB3dy2xwfAkE4duBZ2Bs=
5,1,1VO02ZQkK5CeHFkHKmqS2nSrHgg=,dzEuAhVUvRhN0WRCO7glIn/NR2M=
8,3,1VO02ZQkK5CeHFkHKmqS2nSrHgg=,q7vmBDEPNlXUXbPSyaOCkEOXkOk=
6,2,1VO02ZQkK5CeHFkHKmqS2nSrHgg=,dzEuAhVUvRhN0WRCO7glIn/NR2M=
8,4,1VO02ZQkK5CeHFkHKmqS2nSrHgg=,8cUEHr4x+qVae30yxIm4+JgkP68=
3,3,1VO02ZQkK5CeHFkHKmqS2nSrHgg=,3cxG09ybB3dy2xwfAkE4duBZ2Bs=
3,4,1VO02ZQkK5CeHFkHKmqS2nSrHgg=,eAvf4ilmA4d3H6HWqYRMSXJhV3g=
8,0,1VO02ZQkK5CeHFkHKmqS2nSrHgg=,q7vmBDEPNlXUXbPSyaOCkEOXkOk=
4,1,1VO02ZQkK5CeHFkHKmqS2nSrHgg=,dzEuAhVUvRhN0WRCO7glIn/NR2M=
8,1,1VO02ZQkK5CeHFkHKmqS2nSrHgg=,q7vmBDEPNlXUXbPSyaOCkEOXkOk=
4,4,1VO02ZQkK5CeHFkHKmqS2nSrHgg=,gcu3G+IyouixwcJhcEPOD3tk9y0=
8,2,1VO02ZQkK5CeHFkHKmqS2nSrHgg=,q7vmBDEPNlXUXbPSyaOCkEOXkOk=
5,2,1VO02ZQkK5CeHFkHKmqS2nSrHgg=,dzEuAhVUvRhN0WRCO7glIn/NR2M=
5,3,1VO02ZQkK5CeHFkHKmqS2nSrHgg=,dzEuAhVUvRhN0WRCO7glIn/NR2M=
7,4,1VO02ZQkK5CeHFkHKmqS2nSrHgg=,gcu3G+IyouixwcJhcEPOD3tk9y0=
5,0,1VO02ZQkK5CeHFkHKmqS2nSrHgg=,dzEuAhVUvRhN0WRCO7glIn/NR2M=
1,0,1VO02ZQkK5CeHFkHKmqS2nSrHgg=,3cxG09ybB3dy2xwfAkE4duBZ2Bs=
4,3,1VO02ZQkK5CeHFkHKmqS2nSrHgg=,dzEuAhVUvRhN0WRCO7glIn/NR2M=
3,0,1VO02ZQkK5CeHFkHKmqS2nSrHgg=,3cxG09ybB3dy2xwfAkE4duBZ2Bs=
6,4,1VO02ZQkK5CeHFkHKmqS2nSrHgg=,gcu3G+IyouixwcJhcEPOD3tk9y0=
7,0,1VO02ZQkK5CeHFkHKmqS2nSrHgg=,dzEuAhVUvRhN0WRCO7glIn/NR2M=
7,1,1VO02ZQkK5CeHFkHKmqS2nSrHgg=,dzEuAhVUvRhN0WRCO7glIn/NR2M=
6,1,1VO02ZQkK5CeHFkHKmqS2nSrHgg=,dzEuAhVUvRhN0WRCO7glIn/NR2M=
6,0,1VO02ZQkK5CeHFkHKmqS2nSrHgg=,dzEuAhVUvRhN0WRCO7glIn/NR2M=
5,4,1VO02ZQkK5CeHFkHKmqS2nSrHgg=,gcu3G+IyouixwcJhcEPOD3tk9y0=
6,3,1VO02ZQkK5CeHFkHKmqS2nSrHgg=,dzEuAhVUvRhN0WRCO7glIn/NR2M=
7,3,1VO02ZQkK5CeHFkHKmqS2nSrHgg=,dzEuAhVUvRhN0WRCO7glIn/NR2M=
7,2,1VO02ZQkK5CeHFkHKmqS2nSrHgg=,dzEuAhVUvRhN0WRCO7glIn/NR2M=
3,2,1VO02ZQkK5CeHFkHKmqS2nSrHgg=,3cxG09ybB3dy2xwfAkE4duBZ2Bs=
15,9,1VO02ZQkK5CeHFkHKmqS2nSrHgg=,eCXpZ45PRLrsgVp9iEV0ISd2F1E=
15,2,1VO02ZQkK5CeHFkHKmqS2nSrHgg=,g1cuEvLeNEuQE9aO/mBJBELdpGo=
15,4,1VO02ZQkK5CeHFkHKmqS2nSrHgg=,Qn42YH8iBJOkfhMmDqqHDBSEqXI=
12,0,1VO02ZQkK5CeHFkHKmqS2nSrHgg=,g1cuEvLeNEuQE9aO/mBJBELdpGo=
15,8,1VO02ZQkK5CeHFkHKmqS2nSrHgg=,eCXpZ45PRLrsgVp9iEV0ISd2F1E=
15,3,1VO02ZQkK5CeHFkHKmqS2nSrHgg=,g1cuEvLeNEuQE9aO/mBJBELdpGo=
15,10,1VO02ZQkK5CeHFkHKmqS2nSrHgg=,eCXpZ45PRLrsgVp9iEV0ISd2F1E=
15,6,1VO02ZQkK5CeHFkHKmqS2nSrHgg=,Qn42YH8iBJOkfhMmDqqHDBSEqXI=
15,5,1VO02ZQkK5CeHFkHKmqS2nSrHgg=,Qn42YH8iBJOkfhMmDqqHDBSEqXI=
13,0,1VO02ZQkK5CeHFkHKmqS2nSrHgg=,g1cuEvLeNEuQE9aO/mBJBELdpGo=
11,0,1VO02ZQkK5CeHFkHKmqS2nSrHgg=,q7vmBDEPNlXUXbPSyaOCkEOXkOk=
14,0,1VO02ZQkK5CeHFkHKmqS2nSrHgg=,g1cuEvLeNEuQE9aO/mBJBELdpGo=
15,7,1VO02ZQkK5CeHFkHKmqS2nSrHgg=,Qn42YH8iBJOkfhMmDqqHDBSEqXI=
15,1,1VO02ZQkK5CeHFkHKmqS2nSrHgg=,g1cuEvLeNEuQE9aO/mBJBELdpGo=
15,14,1VO02ZQkK5CeHFkHKmqS2nSrHgg=,Akbr3bCgAUd7GYkgnq+oHPO7OYs=
15,11,1VO02ZQkK5CeHFkHKmqS2nSrHgg=,eCXpZ45PRLrsgVp9iEV0ISd2F1E=
15,13,1VO02ZQkK5CeHFkHKmqS2nSrHgg=,Akbr3bCgAUd7GYkgnq+oHPO7OYs=
15,12,1VO02ZQkK5CeHFkHKmqS2nSrHgg=,Akbr3bCgAUd7GYkgnq+oHPO7OYs=
5,15,1VO02ZQkK5CeHFkHKmqS2nSrHgg=,upSsKxYM6RiYVNvvOO3fSjq4cI0=
14,15,1VO02ZQkK5CeHFkHKmqS2nSrHgg=,Akbr3bCgAUd7GYkgnq+oHPO7OYs=
12,15,1VO02ZQkK5CeHFkHKmqS2nSrHgg=,Akbr3bCgAUd7GYkgnq+oHPO7OYs=
6,15,1VO02ZQkK5CeHFkHKmqS2nSrHgg=,upSsKxYM6RiYVNvvOO3fSjq4cI0=
13,15,1VO02ZQkK5CeHFkHKmqS2nSrHgg=,Akbr3bCgAUd7GYkgnq+oHPO7OYs=
7,15,1VO02ZQkK5CeHFkHKmqS2nSrHgg=,upSsKxYM6RiYVNvvOO3fSjq4cI0=
11,15,1VO02ZQkK5CeHFkHKmqS2nSrHgg=,avtPrN1t5ENkA3Bpi2YibzIE344=
9,15,1VO02ZQkK5CeHFkHKmqS2nSrHgg=,avtPrN1t5ENkA3Bpi2YibzIE344=
8,15,1VO02ZQkK5CeHFkHKmqS2nSrHgg=,avtPrN1t5ENkA3Bpi2YibzIE344=
10,15,1VO02ZQkK5CeHFkHKmqS2nSrHgg=,avtPrN1t5ENkA3Bpi2YibzIE344=
2,15,1VO02ZQkK5CeHFkHKmqS2nSrHgg=,ICfwtYYXcjFQ1cLvU1Y5tmUPZCo=
1,15,1VO02ZQkK5CeHFkHKmqS2nSrHgg=,ICfwtYYXcjFQ1cLvU1Y5tmUPZCo=
3,15,1VO02ZQkK5CeHFkHKmqS2nSrHgg=,ICfwtYYXcjFQ1cLvU1Y5tmUPZCo=
15,0,1VO02ZQkK5CeHFkHKmqS2nSrHgg=,g1cuEvLeNEuQE9aO/mBJBELdpGo=
4,15,1VO02ZQkK5CeHFkHKmqS2nSrHgg=,upSsKxYM6RiYVNvvOO3fSjq4cI0=
0,13,1VO02ZQkK5CeHFkHKmqS2nSrHgg=,ICfwtYYXcjFQ1cLvU1Y5tmUPZCo=
0,8,1VO02ZQkK5CeHFkHKmqS2nSrHgg=,Da78nw+PExXKs//1sBA4qOAPBlc=
0,10,1VO02ZQkK5CeHFkHKmqS2nSrHgg=,Da78nw+PExXKs//1sBA4qOAPBlc=
0,12,1VO02ZQkK5CeHFkHKmqS2nSrHgg=,ICfwtYYXcjFQ1cLvU1Y5tmUPZCo=
0,15,1VO02ZQkK5CeHFkHKmqS2nSrHgg=,ICfwtYYXcjFQ1cLvU1Y5tmUPZCo=
0,0,1VO02ZQkK5CeHFkHKmqS2nSrHgg=,3cxG09ybB3dy2xwfAkE4duBZ2Bs=
0,11,1VO02ZQkK5CeHFkHKmqS2nSrHgg=,Da78nw+PExXKs//1sBA4qOAPBlc=
0,9,1VO02ZQkK5CeHFkHKmqS2nSrHgg=,Da78nw+PExXKs//1sBA4qOAPBlc=
15,15,1VO02ZQkK5CeHFkHKmqS2nSrHgg=,Akbr3bCgAUd7GYkgnq+oHPO7OYs=
0,14,1VO02ZQkK5CeHFkHKmqS2nSrHgg=,ICfwtYYXcjFQ1cLvU1Y5tmUPZCo=
0,7,1VO02ZQkK5CeHFkHKmqS2nSrHgg=,eAvf4ilmA4d3H6HWqYRMSXJhV3g=
6,25,PYhf/0xDMAskURv7DseowiROWG0=,xXEffdnNMwG/EsGrYToAGFE46jk=
1,26,PYhf/0xDMAskURv7DseowiROWG0=,9RNCcLOdwO3tExio8L72PJg84cs=
1,25,PYhf/0xDMAskURv7DseowiROWG0=,9RNCcLOdwO3tExio8L72PJg84cs=
3,26,PYhf/0xDMAskURv7DseowiROWG0=,9RNCcLOdwO3tExio8L72PJg84cs=
2,26,PYhf/0xDMAskURv7DseowiROWG0=,9RNCcLOdwO3tExio8L72PJg84cs=
3,25,PYhf/0xDMAskURv7DseowiROWG0=,9RNCcLOdwO3tExio8L72PJg84cs=
6,26,PYhf/0xDMAskURv7DseowiROWG0=,xXEffdnNMwG/EsGrYToAGFE46jk=
4,25,PYhf/0xDMAskURv7DseowiROWG0=,xXEffdnNMwG/EsGrYToAGFE46jk=
5,25,PYhf/0xDMAskURv7DseowiROWG0=,xXEffdnNMwG/EsGrYToAGFE46jk=
5,26,PYhf/0xDMAskURv7DseowiROWG0=,xXEffdnNMwG/EsGrYToAGFE46jk=
2,25,PYhf/0xDMAskURv7DseowiROWG0=,9RNCcLOdwO3tExio8L72PJg84cs=
4,26,PYhf/0xDMAskURv7DseowiROWG0=,xXEffdnNMwG/EsGrYToAGFE46jk=
8,25,PYhf/0xDMAskURv7DseowiROWG0=,Tmi3dFYTmInoHP/8iEuz2uNob2c=
11,26,PYhf/0xDMAskURv7DseowiROWG0=,Tmi3dFYTmInoHP/8iEuz2uNob2c=
7,26,PYhf/0xDMAskURv7DseowiROWG0=,xXEffdnNMwG/EsGrYToAGFE46jk=
12,25,PYhf/0xDMAskURv7DseowiROWG0=,GJ9jRfwuYMt23jh8RS54y+wFeeM=
11,25,PYhf/0xDMAskURv7DseowiROWG0=,Tmi3dFYTmInoHP/8iEuz2uNob2c=
14,26,PYhf/0xDMAskURv7DseowiROWG0=,GJ9jRfwuYMt23jh8RS54y+wFeeM=
10,26,PYhf/0xDMAskURv7DseowiROWG0=,Tmi3dFYTmInoHP/8iEuz2uNob2c=
10,25,PYhf/0xDMAskURv7DseowiROWG0=,Tmi3dFYTmInoHP/8iEuz2uNob2c=
8,26,PYhf/0xDMAskURv7DseowiROWG0=,Tmi3dFYTmInoHP/8iEuz2uNob2c=
7,25,PYhf/0xDMAskURv7DseowiROWG0=,xXEffdnNMwG/EsGrYToAGFE46jk=
14,25,PYhf/0xDMAskURv7DseowiROWG0=,GJ9jRfwuYMt23jh8RS54y+wFeeM=
12,26,PYhf/0xDMAskURv7DseowiROWG0=,GJ9jRfwuYMt23jh8RS54y+wFeeM=
13,25,PYhf/0xDMAskURv7DseowiROWG0=,GJ9jRfwuYMt23jh8RS54y+wFeeM=
9,26,PYhf/0xDMAskURv7DseowiROWG0=,Tmi3dFYTmInoHP/8iEuz2uNob2c=
13,26,PYhf/0xDMAskURv7DseowiROWG0=,GJ9jRfwuYMt23jh8RS54y+wFeeM=
9,25,PYhf/0xDMAskURv7DseowiROWG0=,Tmi3dFYTmInoHP/8iEuz2uNob2c=
9,21,PYhf/0xDMAskURv7DseowiROWG0=,fABR47f5q+xSaWnO92uSAEBjyFY=
9,22,PYhf/0xDMAskURv7DseowiROWG0=,fABR47f5q+xSaWnO92uSAEBjyFY=
10,23,PYhf/0xDMAskURv7DseowiROWG0=,fABR47f5q+xSaWnO92uSAEBjyFY=
9,24,PYhf/0xDMAskURv7DseowiROWG0=,Tmi3dFYTmInoHP/8iEuz2uNob2c=
10,21,PYhf/0xDMAskURv7DseowiROWG0=,fABR47f5q+xSaWnO92uSAEBjyFY=
10,24,PYhf/0xDMAskURv7DseowiROWG0=,Tmi3dFYTmInoHP/8iEuz2uNob2c=
7,22,PYhf/0xDMAskURv7DseowiROWG0=,9O7NxkM1i2el6fg2n4ltc3Wfpz0=
5,21,PYhf/0xDMAskURv7DseowiROWG0=,9O7NxkM1i2el6fg2n4ltc3Wfpz0=
8,22,PYhf/0xDMAskURv7DseowiROWG0=,fABR47f5q+xSaWnO92uSAEBjyFY=
9,23,PYhf/0xDMAskURv7DseowiROWG0=,fABR47f5q+xSaWnO92uSAEBjyFY=
5,22,PYhf/0xDMAskURv7DseowiROWG0=,9O7NxkM1i2el6fg2n4ltc3Wfpz0=
8,21,PYhf/0xDMAskURv7DseowiROWG0=,fABR47f5q+xSaWnO92uSAEBjyFY=
6,23,PYhf/0xDMAskURv7DseowiROWG0=,9O7NxkM1i2el6fg2n4ltc3Wfpz0=
7,24,PYhf/0xDMAskURv7DseowiROWG0=,xXEffdnNMwG/EsGrYToAGFE46jk=
5,23,PYhf/0xDMAskURv7DseowiROWG0=,9O7NxkM1i2el6fg2n4ltc3Wfpz0=
6,22,1RzqbwOLCoknRLweILrkFlPzoo0=,9O7NxkM1i2el6fg2n4ltc3Wfpz0=
6,21,1RzqbwOLCoknRLweILrkFlPzoo0=,9O7NxkM1i2el6fg2n4ltc3Wfpz0=
7,21,1RzqbwOLCoknRLweILrkFlPzoo0=,9O7NxkM1i2el6fg2n4ltc3Wfpz0=
8,23,1RzqbwOLCoknRLweILrkFlPzoo0=,fABR47f5q+xSaWnO92uSAEBjyFY=
10,22,1RzqbwOLCoknRLweILrkFlPzoo0=,fABR47f5q+xSaWnO92uSAEBjyFY=
7,23,1RzqbwOLCoknRLweILrkFlPzoo0=,9O7NxkM1i2el6fg2n4ltc3Wfpz0=
8,24,1RzqbwOLCoknRLweILrkFlPzoo0=,Tmi3dFYTmInoHP/8iEuz2uNob2c=
5,24,1RzqbwOLCoknRLweILrkFlPzoo0=,xXEffdnNMwG/EsGrYToAGFE46jk=
6,24,1RzqbwOLCoknRLweILrkFlPzoo0=,xXEffdnNMwG/EsGrYToAGFE46jk=
11,22,1RzqbwOLCoknRLweILrkFlPzoo0=,fABR47f5q+xSaWnO92uSAEBjyFY=
14,24,1RzqbwOLCoknRLweILrkFlPzoo0=,GJ9jRfwuYMt23jh8RS54y+wFeeM=
12,22,1RzqbwOLCoknRLweILrkFlPzoo0=,08wZvY0URUkKjFHWCYVBPml6nbY=
12,24,1RzqbwOLCoknRLweILrkFlPzoo0=,GJ9jRfwuYMt23jh8RS54y+wFeeM=
11,21,1RzqbwOLCoknRLweILrkFlPzoo0=,fABR47f5q+xSaWnO92uSAEBjyFY=
13,22,1RzqbwOLCoknRLweILrkFlPzoo0=,08wZvY0URUkKjFHWCYVBPml6nbY=
11,23,1RzqbwOLCoknRLweILrkFlPzoo0=,fABR47f5q+xSaWnO92uSAEBjyFY=
11,24,1RzqbwOLCoknRLweILrkFlPzoo0=,Tmi3dFYTmInoHP/8iEuz2uNob2c=
14,21,1RzqbwOLCoknRLweILrkFlPzoo0=,08wZvY0URUkKjFHWCYVBPml6nbY=
13,21,1RzqbwOLCoknRLweILrkFlPzoo0=,08wZvY0URUkKjFHWCYVBPml6nbY=
14,23,1RzqbwOLCoknRLweILrkFlPzoo0=,08wZvY0URUkKjFHWCYVBPml6nbY=
13,23,1RzqbwOLCoknRLweILrkFlPzoo0=,08wZvY0URUkKjFHWCYVBPml6nbY=
14,22,1RzqbwOLCoknRLweILrkFlPzoo0=,08wZvY0URUkKjFHWCYVBPml6nbY=
12,21,1RzqbwOLCoknRLweILrkFlPzoo0=,08wZvY0URUkKjFHWCYVBPml6nbY=
12,23,1RzqbwOLCoknRLweILrkFlPzoo0=,08wZvY0URUkKjFHWCYVBPml6nbY=
13,24,1RzqbwOLCoknRLweILrkFlPzoo0=,GJ9jRfwuYMt23jh8RS54y+wFeeM=
1,24,1RzqbwOLCoknRLweILrkFlPzoo0=,9RNCcLOdwO3tExio8L72PJg84cs=
2,23,1RzqbwOLCoknRLweILrkFlPzoo0=,IVEbNokfbqr33C9azKxskrIUMeI=
4,23,1RzqbwOLCoknRLweILrkFlPzoo0=,9O7NxkM1i2el6fg2n4ltc3Wfpz0=
3,21,1RzqbwOLCoknRLweILrkFlPzoo0=,IVEbNokfbqr33C9azKxskrIUMeI=
1,21,1RzqbwOLCoknRLweILrkFlPzoo0=,IVEbNokfbqr33C9azKxskrIUMeI=
3,22,1RzqbwOLCoknRLweILrkFlPzoo0=,IVEbNokfbqr33C9azKxskrIUMeI=
4,22,1RzqbwOLCoknRLweILrkFlPzoo0=,9O7NxkM1i2el6fg2n4ltc3Wfpz0=
4,21,1RzqbwOLCoknRLweILrkFlPzoo0=,9O7NxkM1i2el6fg2n4ltc3Wfpz0=
2,22,1RzqbwOLCoknRLweILrkFlPzoo0=,IVEbNokfbqr33C9azKxskrIUMeI=
3,24,1RzqbwOLCoknRLweILrkFlPzoo0=,9RNCcLOdwO3tExio8L72PJg84cs=
1,22,1RzqbwOLCoknRLweILrkFlPzoo0=,IVEbNokfbqr33C9azKxskrIUMeI=
2,21,1RzqbwOLCoknRLweILrkFlPzoo0=,IVEbNokfbqr33C9azKxskrIUMeI=
2,24,1RzqbwOLCoknRLweILrkFlPzoo0=,9RNCcLOdwO3tExio8L72PJg84cs=
1,23,1RzqbwOLCoknRLweILrkFlPzoo0=,IVEbNokfbqr33C9azKxskrIUMeI=
3,23,1RzqbwOLCoknRLweILrkFlPzoo0=,IVEbNokfbqr33C9azKxskrIUMeI=
4,24,1RzqbwOLCoknRLweILrkFlPzoo0=,xXEffdnNMwG/EsGrYToAGFE46jk=
14,18,1RzqbwOLCoknRLweILrkFlPzoo0=,vh82v0mdJZJQayfsdIYfFV+Lftk=
14,19,1RzqbwOLCoknRLweILrkFlPzoo0=,vh82v0mdJZJQayfsdIYfFV+Lftk=
13,17,Obk5MhmZYM11aOLrGy2nY41+QmE=,vh82v0mdJZJQayfsdIYfFV+Lftk=
13,19,Obk5MhmZYM11aOLrGy2nY41+QmE=,vh82v0mdJZJQayfsdIYfFV+Lftk=
14,20,Obk5MhmZYM11aOLrGy2nY41+QmE=,08wZvY0URUkKjFHWCYVBPml6nbY=
13,20,Obk5MhmZYM11aOLrGy2nY41+QmE=,08wZvY0URUkKjFHWCYVBPml6nbY=
13,18,Obk5MhmZYM11aOLrGy2nY41+QmE=,vh82v0mdJZJQayfsdIYfFV+Lftk=
14,17,Obk5MhmZYM11aOLrGy2nY41+QmE=,vh82v0mdJZJQayfsdIYfFV+Lftk=
10,18,Obk5MhmZYM11aOLrGy2nY41+QmE=,24GsT45YKS4R8qoPhZEoSVSNjMg=
9,16,Obk5MhmZYM11aOLrGy2nY41+QmE=,24GsT45YKS4R8qoPhZEoSVSNjMg=
9,17,Obk5MhmZYM11aOLrGy2nY41+QmE=,24GsT45YKS4R8qoPhZEoSVSNjMg=
11,18,Obk5MhmZYM11aOLrGy2nY41+QmE=,24GsT45YKS4R8qoPhZEoSVSNjMg=
9,20,Obk5MhmZYM11aOLrGy2nY41+QmE=,fABR47f5q+xSaWnO92uSAEBjyFY=
12,18,Obk5MhmZYM11aOLrGy2nY41+QmE=,vh82v0mdJZJQayfsdIYfFV+Lftk=
12,17,Obk5MhmZYM11aOLrGy2nY41+QmE=,vh82v0mdJZJQayfsdIYfFV+Lftk=
10,16,Obk5MhmZYM11aOLrGy2nY41+QmE=,24GsT45YKS4R8qoPhZEoSVSNjMg=
10,17,Obk5MhmZYM11aOLrGy2nY41+QmE=,24GsT45YKS4R8qoPhZEoSVSNjMg=
10,20,Obk5MhmZYM11aOLrGy2nY41+QmE=,fABR47f5q+xSaWnO92uSAEBjyFY=
12,19,Obk5MhmZYM11aOLrGy2nY41+QmE=,vh82v0mdJZJQayfsdIYfFV+Lftk=
9,18,Obk5MhmZYM11aOLrGy2nY41+QmE=,24GsT45YKS4R8qoPhZEoSVSNjMg=
11,20,Obk5MhmZYM11aOLrGy2nY41+QmE=,fABR47f5q+xSaWnO92uSAEBjyFY=
11,19,Obk5MhmZYM11aOLrGy2nY41+QmE=,24GsT45YKS4R8qoPhZEoSVSNjMg=
10,19,Obk5MhmZYM11aOLrGy2nY41+QmE=,24GsT45YKS4R8qoPhZEoSVSNjMg=
9,19,Obk5MhmZYM11aOLrGy2nY41+QmE=,24GsT45YKS4R8qoPhZEoSVSNjMg=
11,17,Obk5MhmZYM11aOLrGy2nY41+QmE=,24GsT45YKS4R8qoPhZEoSVSNjMg=
12,20,Obk5MhmZYM11aOLrGy2nY41+QmE=,08wZvY0URUkKjFHWCYVBPml6nbY=
0,26,Obk5MhmZYM11aOLrGy2nY41+QmE=,9RNCcLOdwO3tExio8L72PJg84cs=
0,25,Obk5MhmZYM11aOLrGy2nY41+QmE=,9RNCcLOdwO3tExio8L72PJg84cs=
0,24,Obk5MhmZYM11aOLrGy2nY41+QmE=,9RNCcLOdwO3tExio8L72PJg84cs=
0,23,Obk5MhmZYM11aOLrGy2nY41+QmE=,IVEbNokfbqr33C9azKxskrIUMeI=
0,21,Obk5MhmZYM11aOLrGy2nY41+QmE=,IVEbNokfbqr33C9azKxskrIUMeI=
0,22,Obk5MhmZYM11aOLrGy2nY41+QmE=,IVEbNokfbqr33C9azKxskrIUMeI=
7,20,Obk5MhmZYM11aOLrGy2nY41+QmE=,9O7NxkM1i2el6fg2n4ltc3Wfpz0=
6,20,Obk5MhmZYM11aOLrGy2nY41+QmE=,9O7NxkM1i2el6fg2n4ltc3Wfpz0=
8,16,Obk5MhmZYM11aOLrGy2nY41+QmE=,24GsT45YKS4R8qoPhZEoSVSNjMg=
8,20,Obk5MhmZYM11aOLrGy2nY41+QmE=,fABR47f5q+xSaWnO92uSAEBjyFY=
7,17,Obk5MhmZYM11aOLrGy2nY41+QmE=,ohMQbMASnyNh+NBVcw1kMBlPKow=
8,17,Obk5MhmZYM11aOLrGy2nY41+QmE=,24GsT45YKS4R8qoPhZEoSVSNjMg=
5,18,Obk5MhmZYM11aOLrGy2nY41+QmE=,ohMQbMASnyNh+NBVcw1kMBlPKow=
6,17,Obk5MhmZYM11aOLrGy2nY41+QmE=,ohMQbMASnyNh+NBVcw1kMBlPKow=
7,18,Obk5MhmZYM11aOLrGy2nY41+QmE=,ohMQbMASnyNh+NBVcw1kMBlPKow=
8,18,Obk5MhmZYM11aOLrGy2nY41+QmE=,24GsT45YKS4R8qoPhZEoSVSNjMg=
7,16,Obk5MhmZYM11aOLrGy2nY41+QmE=,ohMQbMASnyNh+NBVcw1kMBlPKow=
6,18,Obk5MhmZYM11aOLrGy2nY41+QmE=,ohMQbMASnyNh+NBVcw1kMBlPKow=
7,19,Obk5MhmZYM11aOLrGy2nY41+QmE=,ohMQbMASnyNh+NBVcw1kMBlPKow=
6,19,Obk5MhmZYM11aOLrGy2nY41+QmE=,ohMQbMASnyNh+NBVcw1kMBlPKow=
5,16,Obk5MhmZYM11aOLrGy2nY41+QmE=,ohMQbMASnyNh+NBVcw1kMBlPKow=
5,19,Obk5MhmZYM11aOLrGy2nY41+QmE=,ohMQbMASnyNh+NBVcw1kMBlPKow=
6,16,Obk5MhmZYM11aOLrGy2nY41+QmE=,ohMQbMASnyNh+NBVcw1kMBlPKow=
5,17,Obk5MhmZYM11aOLrGy2nY41+QmE=,ohMQbMASnyNh+NBVcw1kMBlPKow=
8,19,Obk5MhmZYM11aOLrGy2nY41+QmE=,24GsT45YKS4R8qoPhZEoSVSNjMg=
5,20,Obk5MhmZYM11aOLrGy2nY41+QmE=,9O7NxkM1i2el6fg2n4ltc3Wfpz0=
3,20,Obk5MhmZYM11aOLrGy2nY41+QmE=,IVEbNokfbqr33C9azKxskrIUMeI=
2,16,Obk5MhmZYM11aOLrGy2nY41+QmE=,mMhSQqRJ3LTACrt451P4QBoLgcQ=
4,18,Obk5MhmZYM11aOLrGy2nY41+QmE=,ohMQbMASnyNh+NBVcw1kMBlPKow=
2,17,Obk5MhmZYM11aOLrGy2nY41+QmE=,mMhSQqRJ3LTACrt451P4QBoLgcQ=
0,18,Obk5MhmZYM11aOLrGy2nY41+QmE=,mMhSQqRJ3LTACrt451P4QBoLgcQ=
1,18,Obk5MhmZYM11aOLrGy2nY41+QmE=,mMhSQqRJ3LTACrt451P4QBoLgcQ=
3,17,Obk5MhmZYM11aOLrGy2nY41+QmE=,mMhSQqRJ3LTACrt451P4QBoLgcQ=
0,20,Obk5MhmZYM11aOLrGy2nY41+QmE=,IVEbNokfbqr33C9azKxskrIUMeI=
2,18,Obk5MhmZYM11aOLrGy2nY41+QmE=,mMhSQqRJ3LTACrt451P4QBoLgcQ=
1,20,Obk5MhmZYM11aOLrGy2nY41+QmE=,IVEbNokfbqr33C9azKxskrIUMeI=
1,19,Obk5MhmZYM11aOLrGy2nY41+QmE=,mMhSQqRJ3LTACrt451P4QBoLgcQ=
3,18,Obk5MhmZYM11aOLrGy2nY41+QmE=,mMhSQqRJ3LTACrt451P4QBoLgcQ=
0,19,Obk5MhmZYM11aOLrGy2nY41+QmE=,mMhSQqRJ3LTACrt451P4QBoLgcQ=
3,16,Obk5MhmZYM11aOLrGy2nY41+QmE=,mMhSQqRJ3LTACrt451P4QBoLgcQ=
2,20,Obk5MhmZYM11aOLrGy2nY41+QmE=,IVEbNokfbqr33C9azKxskrIUMeI=
4,20,Obk5MhmZYM11aOLrGy2nY41+QmE=,9O7NxkM1i2el6fg2n4ltc3Wfpz0=
1,17,Obk5MhmZYM11aOLrGy2nY41+QmE=,mMhSQqRJ3LTACrt451P4QBoLgcQ=
4,17,Obk5MhmZYM11aOLrGy2nY41+QmE=,ohMQbMASnyNh+NBVcw1kMBlPKow=
3,19,Obk5MhmZYM11aOLrGy2nY41+QmE=,mMhSQqRJ3LTACrt451P4QBoLgcQ=
0,17,Obk5MhmZYM11aOLrGy2nY41+QmE=,mMhSQqRJ3LTACrt451P4QBoLgcQ=
1,16,Obk5MhmZYM11aOLrGy2nY41+QmE=,mMhSQqRJ3LTACrt451P4QBoLgcQ=
2,19,Obk5MhmZYM11aOLrGy2nY41+QmE=,mMhSQqRJ3LTACrt451P4QBoLgcQ=
4,19,Obk5MhmZYM11aOLrGy2nY41+QmE=,ohMQbMASnyNh+NBVcw1kMBlPKow=
4,16,Obk5MhmZYM11aOLrGy2nY41+QmE=,ohMQbMASnyNh+NBVcw1kMBlPKow=
1,27,NuqGIvtd0VAiHh3Ol6NyXgxB24o=,9RNCcLOdwO3tExio8L72PJg84cs=
1,29,NuqGIvtd0VAiHh3Ol6NyXgxB24o=,wmEq9jD/50EKK6eygoIMOTPBPOQ=
2,27,NuqGIvtd0VAiHh3Ol6NyXgxB24o=,9RNCcLOdwO3tExio8L72PJg84cs=
1,28,NuqGIvtd0VAiHh3Ol6NyXgxB24o=,wmEq9jD/50EKK6eygoIMOTPBPOQ=
1,30,NuqGIvtd0VAiHh3Ol6NyXgxB24o=,wmEq9jD/50EKK6eygoIMOTPBPOQ=
2,29,NuqGIvtd0VAiHh3Ol6NyXgxB24o=,wmEq9jD/50EKK6eygoIMOTPBPOQ=
2,28,NuqGIvtd0VAiHh3Ol6NyXgxB24o=,wmEq9jD/50EKK6eygoIMOTPBPOQ=
2,30,NuqGIvtd0VAiHh3Ol6NyXgxB24o=,wmEq9jD/50EKK6eygoIMOTPBPOQ=
15,25,NuqGIvtd0VAiHh3Ol6NyXgxB24o=,GJ9jRfwuYMt23jh8RS54y+wFeeM=
15,26,NuqGIvtd0VAiHh3Ol6NyXgxB24o=,GJ9jRfwuYMt23jh8RS54y+wFeeM=
15,21,NuqGIvtd0VAiHh3Ol6NyXgxB24o=,08wZvY0URUkKjFHWCYVBPml6nbY=
15,23,NuqGIvtd0VAiHh3Ol6NyXgxB24o=,08wZvY0URUkKjFHWCYVBPml6nbY=
15,24,NuqGIvtd0VAiHh3Ol6NyXgxB24o=,GJ9jRfwuYMt23jh8RS54y+wFeeM=
15,22,NuqGIvtd0VAiHh3Ol6NyXgxB24o=,08wZvY0URUkKjFHWCYVBPml6nbY=
3,29,NuqGIvtd0VAiHh3Ol6NyXgxB24o=,wmEq9jD/50EKK6eygoIMOTPBPOQ=
6,29,NuqGIvtd0VAiHh3Ol6NyXgxB24o=,yGCLBf4B0JJdlV/zSJbaNNxnadg=
4,30,NuqGIvtd0VAiHh3Ol6NyXgxB24o=,yGCLBf4B0JJdlV/zSJbaNNxnadg=
6,28,NuqGIvtd0VAiHh3Ol6NyXgxB24o=,yGCLBf4B0JJdlV/zSJbaNNxnadg=
5,27,NuqGIvtd0VAiHh3Ol6NyXgxB24o=,xXEffdnNMwG/EsGrYToAGFE46jk=
6,27,NuqGIvtd0VAiHh3Ol6NyXgxB24o=,xXEffdnNMwG/EsGrYToAGFE46jk=
5,30,NuqGIvtd0VAiHh3Ol6NyXgxB24o=,yGCLBf4B0JJdlV/zSJbaNNxnadg=
3,27,NuqGIvtd0VAiHh3Ol6NyXgxB24o=,9RNCcLOdwO3tExio8L72PJg84cs=
4,29,NuqGIvtd0VAiHh3Ol6NyXgxB24o=,yGCLBf4B0JJdlV/zSJbaNNxnadg=
5,31,NuqGIvtd0VAiHh3Ol6NyXgxB24o=,yGCLBf4B0JJdlV/zSJbaNNxnadg=
5,28,NuqGIvtd0VAiHh3Ol6NyXgxB24o=,yGCLBf4B0JJdlV/zSJbaNNxnadg=
3,30,NuqGIvtd0VAiHh3Ol6NyXgxB24o=,wmEq9jD/50EKK6eygoIMOTPBPOQ=
3,28,NuqGIvtd0VAiHh3Ol6NyXgxB24o=,wmEq9jD/50EKK6eygoIMOTPBPOQ=
4,28,NuqGIvtd0VAiHh3Ol6NyXgxB24o=,yGCLBf4B0JJdlV/zSJbaNNxnadg=
5,29,NuqGIvtd0VAiHh3Ol6NyXgxB24o=,yGCLBf4B0JJdlV/zSJbaNNxnadg=
4,27,NuqGIvtd0VAiHh3Ol6NyXgxB24o=,xXEffdnNMwG/EsGrYToAGFE46jk=
6,31,NuqGIvtd0VAiHh3Ol6NyXgxB24o=,yGCLBf4B0JJdlV/zSJbaNNxnadg=
6,30,NuqGIvtd0VAiHh3Ol6NyXgxB24o=,yGCLBf4B0JJdlV/zSJbaNNxnadg=
15,20,NuqGIvtd0VAiHh3Ol6NyXgxB24o=,08wZvY0URUkKjFHWCYVBPml6nbY=
15,19,NuqGIvtd0VAiHh3Ol6NyXgxB24o=,vh82v0mdJZJQayfsdIYfFV+Lftk=
15,17,NuqGIvtd0VAiHh3Ol6NyXgxB24o=,vh82v0mdJZJQayfsdIYfFV+Lftk=
15,18,NuqGIvtd0VAiHh3Ol6NyXgxB24o=,vh82v0mdJZJQayfsdIYfFV+Lftk=
0,29,NuqGIvtd0VAiHh3Ol6NyXgxB24o=,wmEq9jD/50EKK6eygoIMOTPBPOQ=
0,30,NuqGIvtd0VAiHh3Ol6NyXgxB24o=,wmEq9jD/50EKK6eygoIMOTPBPOQ=
0,28,NuqGIvtd0VAiHh3Ol6NyXgxB24o=,wmEq9jD/50EKK6eygoIMOTPBPOQ=
0,27,NuqGIvtd0VAiHh3Ol6NyXgxB24o=,9RNCcLOdwO3tExio8L72PJg84cs=
13,16,NuqGIvtd0VAiHh3Ol6NyXgxB24o=,vh82v0mdJZJQayfsdIYfFV+Lftk=
12,16,NuqGIvtd0VAiHh3Ol6NyXgxB24o=,vh82v0mdJZJQayfsdIYfFV+Lftk=
14,16,NuqGIvtd0VAiHh3Ol6NyXgxB24o=,vh82v0mdJZJQayfsdIYfFV+Lftk=
11,16,NuqGIvtd0VAiHh3Ol6NyXgxB24o=,24GsT45YKS4R8qoPhZEoSVSNjMg=
15,16,NuqGIvtd0VAiHh3Ol6NyXgxB24o=,vh82v0mdJZJQayfsdIYfFV+Lftk=
1,31,NuqGIvtd0VAiHh3Ol6NyXgxB24o=,wmEq9jD/50EKK6eygoIMOTPBPOQ=
3,31,NuqGIvtd0VAiHh3Ol6NyXgxB24o=,wmEq9jD/50EKK6eygoIMOTPBPOQ=
2,31,NuqGIvtd0VAiHh3Ol6NyXgxB24o=,wmEq9jD/50EKK6eygoIMOTPBPOQ=
0,31,VT03QwzxwPtaozz0u3shfAlbYus=,wmEq9jD/50EKK6eygoIMOTPBPOQ=
4,31,VT03QwzxwPtaozz0u3shfAlbYus=,yGCLBf4B0JJdlV/zSJbaNNxnadg=
0,16,VT03QwzxwPtaozz0u3shfAlbYus=,mMhSQqRJ3LTACrt451P4QBoLgcQ=
13,28,VT03QwzxwPtaozz0u3shfAlbYus=,nj7aclAWC76lhij4KlwIG26gbno=
15,30,VT03QwzxwPtaozz0u3shfAlbYus=,nj7aclAWC76lhij4KlwIG26gbno=
13,30,VT03QwzxwPtaozz0u3shfAlbYus=,nj7aclAWC76lhij4KlwIG26gbno=
14,30,VT03QwzxwPtaozz0u3shfAlbYus=,nj7aclAWC76lhij4KlwIG26gbno=
15,27,VT03QwzxwPtaozz0u3shfAlbYus=,GJ9jRfwuYMt23jh8RS54y+wFeeM=
14,31,VT03QwzxwPtaozz0u3shfAlbYus=,nj7aclAWC76lhij4KlwIG26gbno=
13,31,VT03QwzxwPtaozz0u3shfAlbYus=,nj7aclAWC76lhij4KlwIG26gbno=
14,28,VT03QwzxwPtaozz0u3shfAlbYus=,nj7aclAWC76lhij4KlwIG26gbno=
13,29,VT03QwzxwPtaozz0u3shfAlbYus=,nj7aclAWC76lhij4KlwIG26gbno=
15,31,VT03QwzxwPtaozz0u3shfAlbYus=,nj7aclAWC76lhij4KlwIG26gbno=
14,27,VT03QwzxwPtaozz0u3shfAlbYus=,GJ9jRfwuYMt23jh8RS54y+wFeeM=
15,29,VT03QwzxwPtaozz0u3shfAlbYus=,nj7aclAWC76lhij4KlwIG26gbno=
8,29,VT03QwzxwPtaozz0u3shfAlbYus=,m48luhJ2WAhLTopPv+Al3F0ed5I=
13,27,VT03QwzxwPtaozz0u3shfAlbYus=,GJ9jRfwuYMt23jh8RS54y+wFeeM=
12,28,VT03QwzxwPtaozz0u3shfAlbYus=,nj7aclAWC76lhij4KlwIG26gbno=
14,29,VT03QwzxwPtaozz0u3shfAlbYus=,nj7aclAWC76lhij4KlwIG26gbno=
7,28,VT03QwzxwPtaozz0u3shfAlbYus=,yGCLBf4B0JJdlV/zSJbaNNxnadg=
7,27,VT03QwzxwPtaozz0u3shfAlbYus=,xXEffdnNMwG/EsGrYToAGFE46jk=
11,29,VT03QwzxwPtaozz0u3shfAlbYus=,m48luhJ2WAhLTopPv+Al3F0ed5I=
8,28,VT03QwzxwPtaozz0u3shfAlbYus=,m48luhJ2WAhLTopPv+Al3F0ed5I=
10,30,VT03QwzxwPtaozz0u3shfAlbYus=,m48luhJ2WAhLTopPv+Al3F0ed5I=
12,30,VT03QwzxwPtaozz0u3shfAlbYus=,nj7aclAWC76lhij4KlwIG26gbno=
9,27,VT03QwzxwPtaozz0u3shfAlbYus=,Tmi3dFYTmInoHP/8iEuz2uNob2c=
10,29,VT03QwzxwPtaozz0u3shfAlbYus=,m48luhJ2WAhLTopPv+Al3F0ed5I=
7,31,VT03QwzxwPtaozz0u3shfAlbYus=,yGCLBf4B0JJdlV/zSJbaNNxnadg=
8,30,VT03QwzxwPtaozz0u3shfAlbYus=,m48luhJ2WAhLTopPv+Al3F0ed5I=
9,31,VT03QwzxwPtaozz0u3shfAlbYus=,m48luhJ2WAhLTopPv+Al3F0ed5I=
8,31,VT03QwzxwPtaozz0u3shfAlbYus=,m48luhJ2WAhLTopPv+Al3F0ed5I=
10,31,VT03QwzxwPtaozz0u3shfAlbYus=,m48luhJ2WAhLTopPv+Al3F0ed5I=
7,29,VT03QwzxwPtaozz0u3shfAlbYus=,yGCLBf4B0JJdlV/zSJbaNNxnadg=
7,30,VT03QwzxwPtaozz0u3shfAlbYus=,yGCLBf4B0JJdlV/zSJbaNNxnadg=
12,31,VT03QwzxwPtaozz0u3shfAlbYus=,nj7aclAWC76lhij4KlwIG26gbno=
9,28,VT03QwzxwPtaozz0u3shfAlbYus=,m48luhJ2WAhLTopPv+Al3F0ed5I=
11,27,VT03QwzxwPtaozz0u3shfAlbYus=,Tmi3dFYTmInoHP/8iEuz2uNob2c=
11,28,VT03QwzxwPtaozz0u3shfAlbYus=,m48luhJ2WAhLTopPv+Al3F0ed5I=
9,29,VT03QwzxwPtaozz0u3shfAlbYus=,m48luhJ2WAhLTopPv+Al3F0ed5I=
11,30,VT03QwzxwPtaozz0u3shfAlbYus=,m48luhJ2WAhLTopPv+Al3F0ed5I=
8,27,VT03QwzxwPtaozz0u3shfAlbYus=,Tmi3dFYTmInoHP/8iEuz2uNob2c=
11,31,VT03QwzxwPtaozz0u3shfAlbYus=,m48luhJ2WAhLTopPv+Al3F0ed5I=
10,28,VT03QwzxwPtaozz0u3shfAlbYus=,m48luhJ2WAhLTopPv+Al3F0ed5I=
15,28,VT03QwzxwPtaozz0u3shfAlbYus=,nj7aclAWC76lhij4KlwIG26gbno=
12,27,VT03QwzxwPtaozz0u3shfAlbYus=,GJ9jRfwuYMt23jh8RS54y+wFeeM=
9,30,VT03QwzxwPtaozz0u3shfAlbYus=,m48luhJ2WAhLTopPv+Al3F0ed5I=
12,29,VT03QwzxwPtaozz0u3shfAlbYus=,nj7aclAWC76lhij4KlwIG26gbno=
10,27,VT03QwzxwPtaozz0u3shfAlbYus=,Tmi3dFYTmInoHP/8iEuz2uNob2c=
30,17,LaOCgbwkdZRi4FvizrUF052aa+s=,/tMD0bRvnJHAsX3YUckZMn4eY1o=
30,18,LaOCgbwkdZRi4FvizrUF052aa+s=,/tMD0bRvnJHAsX3YUckZMn4eY1o=
29,18,LaOCgbwkdZRi4FvizrUF052aa+s=,/tMD0bRvnJHAsX3YUckZMn4eY1o=
29,17,LaOCgbwkdZRi4FvizrUF052aa+s=,/tMD0bRvnJHAsX3YUckZMn4eY1o=
25,22,LaOCgbwkdZRi4FvizrUF052aa+s=,cs4q1HiNXO9+v1DozWY5QUqVeEE=
26,21,LaOCgbwkdZRi4FvizrUF052aa+s=,cs4q1HiNXO9+v1DozWY5QUqVeEE=
25,21,LaOCgbwkdZRi4FvizrUF052aa+s=,cs4q1HiNXO9+v1DozWY5QUqVeEE=
25,18,LaOCgbwkdZRi4FvizrUF052aa+s=,M9jY4jSXJ0xVYx7hB+Qt3SkOOnI=
28,18,LaOCgbwkdZRi4FvizrUF052aa+s=,/tMD0bRvnJHAsX3YUckZMn4eY1o=
26,19,LaOCgbwkdZRi4FvizrUF052aa+s=,M9jY4jSXJ0xVYx7hB+Qt3SkOOnI=
27,17,LaOCgbwkdZRi4FvizrUF052aa+s=,M9jY4jSXJ0xVYx7hB+Qt3SkOOnI=
26,18,LaOCgbwkdZRi4FvizrUF052aa+s=,M9jY4jSXJ0xVYx7hB+Qt3SkOOnI=
27,18,LaOCgbwkdZRi4FvizrUF052aa+s=,M9jY4jSXJ0xVYx7hB+Qt3SkOOnI=
25,19,LaOCgbwkdZRi4FvizrUF052aa+s=,M9jY4jSXJ0xVYx7hB+Qt3SkOOnI=
28,17,LaOCgbwkdZRi4FvizrUF052aa+s=,/tMD0bRvnJHAsX3YUckZMn4eY1o=
25,20,LaOCgbwkdZRi4FvizrUF052aa+s=,cs4q1HiNXO9+v1DozWY5QUqVeEE=
26,20,LaOCgbwkdZRi4FvizrUF052aa+s=,cs4q1HiNXO9+v1DozWY5QUqVeEE=
25,17,LaOCgbwkdZRi4FvizrUF052aa+s=,M9jY4jSXJ0xVYx7hB+Qt3SkOOnI=
26,17,LaOCgbwkdZRi4FvizrUF052aa+s=,M9jY4jSXJ0xVYx7hB+Qt3SkOOnI=
27,20,LaOCgbwkdZRi4FvizrUF052aa+s=,cs4q1HiNXO9+v1DozWY5QUqVeEE=
26,22,LaOCgbwkdZRi4FvizrUF052aa+s=,cs4q1HiNXO9+v1DozWY5QUqVeEE=
29,21,LaOCgbwkdZRi4FvizrUF052aa+s=,Dphhl+K/O2b2QH9kMrVjuf85r7Y=
30,19,LaOCgbwkdZRi4FvizrUF052aa+s=,/tMD0bRvnJHAsX3YUckZMn4eY1o=
28,22,LaOCgbwkdZRi4FvizrUF052aa+s=,Dphhl+K/O2b2QH9kMrVjuf85r7Y=
30,22,LaOCgbwkdZRi4FvizrUF052aa+s=,Dphhl+K/O2b2QH9kMrVjuf85r7Y=
29,22,LaOCgbwkdZRi4FvizrUF052aa+s=,Dphhl+K/O2b2QH9kMrVjuf85r7Y=
30,21,LaOCgbwkdZRi4FvizrUF052aa+s=,Dphhl+K/O2b2QH9kMrVjuf85r7Y=
30,20,LaOCgbwkdZRi4FvizrUF052aa+s=,Dphhl+K/O2b2QH9kMrVjuf85r7Y=
29,20,LaOCgbwkdZRi4FvizrUF052aa+s=,Dphhl+K/O2b2QH9kMrVjuf85r7Y=
28,20,LaOCgbwkdZRi4FvizrUF052aa+s=,Dphhl+K/O2b2QH9kMrVjuf85r7Y=
28,21,LaOCgbwkdZRi4FvizrUF052aa+s=,Dphhl+K/O2b2QH9kMrVjuf85r7Y=
28,19,LaOCgbwkdZRi4FvizrUF052aa+s=,/tMD0bRvnJHAsX3YUckZMn4eY1o=
27,22,LaOCgbwkdZRi4FvizrUF052aa+s=,cs4q1HiNXO9+v1DozWY5QUqVeEE=
29,19,LaOCgbwkdZRi4FvizrUF052aa+s=,/tMD0bRvnJHAsX3YUckZMn4eY1o=
27,19,LaOCgbwkdZRi4FvizrUF052aa+s=,M9jY4jSXJ0xVYx7hB+Qt3SkOOnI=
27,21,LaOCgbwkdZRi4FvizrUF052aa+s=,cs4q1HiNXO9+v1DozWY5QUqVeEE=
23,22,kyZGJOp/TBGLQ84ZzIj7LdsjRxw=,zieehUt3w/AYRicEFu+1G6r8tak=
22,21,kyZGJOp/TBGLQ84ZzIj7LdsjRxw=,zieehUt3w/AYRicEFu+1G6r8tak=
21,21,kyZGJOp/TBGLQ84ZzIj7LdsjRxw=,zieehUt3w/AYRicEFu+1G6r8tak=
24,21,kyZGJOp/TBGLQ84ZzIj7LdsjRxw=,cs4q1HiNXO9+v1DozWY5QUqVeEE=
22,22,kyZGJOp/TBGLQ84ZzIj7LdsjRxw=,zieehUt3w/AYRicEFu+1G6r8tak=
21,22,kyZGJOp/TBGLQ84ZzIj7LdsjRxw=,zieehUt3w/AYRicEFu+1G6r8tak=
24,22,kyZGJOp/TBGLQ84ZzIj7LdsjRxw=,cs4q1HiNXO9+v1DozWY5QUqVeEE=
23,21,kyZGJOp/TBGLQ84ZzIj7LdsjRxw=,zieehUt3w/AYRicEFu+1G6r8tak=
22,23,kyZGJOp/TBGLQ84ZzIj7LdsjRxw=,zieehUt3w/AYRicEFu+1G6r8tak=
22,24,kyZGJOp/TBGLQ84ZzIj7LdsjRxw=,wblH7XHTSfCxZK4Uxb/9d3vEEOk=
21,24,kyZGJOp/TBGLQ84ZzIj7LdsjRxw=,wblH7XHTSfCxZK4Uxb/9d3vEEOk=
21,26,kyZGJOp/TBGLQ84ZzIj7LdsjRxw=,wblH7XHTSfCxZK4Uxb/9d3vEEOk=
22,25,kyZGJOp/TBGLQ84ZzIj7LdsjRxw=,wblH7XHTSfCxZK4Uxb/9d3vEEOk=
21,23,kyZGJOp/TBGLQ84ZzIj7LdsjRxw=,zieehUt3w/AYRicEFu+1G6r8tak=
22,26,kyZGJOp/TBGLQ84ZzIj7LdsjRxw=,wblH7XHTSfCxZK4Uxb/9d3vEEOk=
21,25,kyZGJOp/TBGLQ84ZzIj7LdsjRxw=,wblH7XHTSfCxZK4Uxb/9d3vEEOk=
21,17,kyZGJOp/TBGLQ84ZzIj7LdsjRxw=,yxQCPdiDqCQEr7M5I6Kjf2itZxQ=
23,19,kyZGJOp/TBGLQ84ZzIj7LdsjRxw=,yxQCPdiDqCQEr7M5I6Kjf2itZxQ=
24,17,kyZGJOp/TBGLQ84ZzIj7LdsjRxw=,M9jY4jSXJ0xVYx7hB+Qt3SkOOnI=
23,17,kyZGJOp/TBGLQ84ZzIj7LdsjRxw=,yxQCPdiDqCQEr7M5I6Kjf2itZxQ=
22,19,kyZGJOp/TBGLQ84ZzIj7LdsjRxw=,yxQCPdiDqCQEr7M5I6Kjf2itZxQ=
22,18,kyZGJOp/TBGLQ84ZzIj7LdsjRxw=,yxQCPdiDqCQEr7M5I6Kjf2itZxQ=
22,17,kyZGJOp/TBGLQ84ZzIj7LdsjRxw=,yxQCPdiDqCQEr7M5I6Kjf2itZxQ=
21,20,kyZGJOp/TBGLQ84ZzIj7LdsjRxw=,zieehUt3w/AYRicEFu+1G6r8tak=
21,18,kyZGJOp/TBGLQ84ZzIj7LdsjRxw=,yxQCPdiDqCQEr7M5I6Kjf2itZxQ=
21,19,kyZGJOp/TBGLQ84ZzIj7LdsjRxw=,yxQCPdiDqCQEr7M5I6Kjf2itZxQ=
23,18,kyZGJOp/TBGLQ84ZzIj7LdsjRxw=,yxQCPdiDqCQEr7M5I6Kjf2itZxQ=
24,19,kyZGJOp/TBGLQ84ZzIj7LdsjRxw=,M9jY4jSXJ0xVYx7hB+Qt3SkOOnI=
23,20,kyZGJOp/TBGLQ84ZzIj7LdsjRxw=,zieehUt3w/AYRicEFu+1G6r8tak=
24,20,kyZGJOp/TBGLQ84ZzIj7LdsjRxw=,cs4q1HiNXO9+v1DozWY5QUqVeEE=
24,18,kyZGJOp/TBGLQ84ZzIj7LdsjRxw=,M9jY4jSXJ0xVYx7hB+Qt3SkOOnI=
20,25,kyZGJOp/TBGLQ84ZzIj7LdsjRxw=,wblH7XHTSfCxZK4Uxb/9d3vEEOk=
19,25,kyZGJOp/TBGLQ84ZzIj7LdsjRxw=,rIWXX73GpLhrKmrjKNEEeiUkYiI=
17,25,kyZGJOp/TBGLQ84ZzIj7LdsjRxw=,rIWXX73GpLhrKmrjKNEEeiUkYiI=
19,26,kyZGJOp/TBGLQ84ZzIj7LdsjRxw=,rIWXX73GpLhrKmrjKNEEeiUkYiI=
22,20,kyZGJOp/TBGLQ84ZzIj7LdsjRxw=,zieehUt3w/AYRicEFu+1G6r8tak=
18,26,kyZGJOp/TBGLQ84ZzIj7LdsjRxw=,rIWXX73GpLhrKmrjKNEEeiUkYiI=
20,26,kyZGJOp/TBGLQ84ZzIj7LdsjRxw=,wblH7XHTSfCxZK4Uxb/9d3vEEOk=
18,25,kyZGJOp/TBGLQ84ZzIj7LdsjRxw=,rIWXX73GpLhrKmrjKNEEeiUkYiI=
17,26,kyZGJOp/TBGLQ84ZzIj7LdsjRxw=,rIWXX73GpLhrKmrjKNEEeiUkYiI=
17,24,B21huqOwuTqiwNmztbhwUlYMeRo=,rIWXX73GpLhrKmrjKNEEeiUkYiI=
19,24,B21huqOwuTqiwNmztbhwUlYMeRo=,rIWXX73GpLhrKmrjKNEEeiUkYiI=
18,23,B21huqOwuTqiwNmztbhwUlYMeRo=,ikEg7v3+/KR9OBwNzPw3BKd9toc=
19,23,B21huqOwuTqiwNmztbhwUlYMeRo=,ikEg7v3+/KR9OBwNzPw3BKd9toc=
19,22,B21huqOwuTqiwNmztbhwUlYMeRo=,ikEg7v3+/KR9OBwNzPw3BKd9toc=
17,22,B21huqOwuTqiwNmztbhwUlYMeRo=,ikEg7v3+/KR9OBwNzPw3BKd9toc=
17,21,B21huqOwuTqiwNmztbhwUlYMeRo=,ikEg7v3+/KR9OBwNzPw3BKd9toc=
19,21,B21huqOwuTqiwNmztbhwUlYMeRo=,ikEg7v3+/KR9OBwNzPw3BKd9toc=
20,21,B21huqOwuTqiwNmztbhwUlYMeRo=,zieehUt3w/AYRicEFu+1G6r8tak=
18,22,B21huqOwuTqiwNmztbhwUlYMeRo=,ikEg7v3+/KR9OBwNzPw3BKd9toc=
17,23,B21huqOwuTqiwNmztbhwUlYMeRo=,ikEg7v3+/KR9OBwNzPw3BKd9toc=
20,22,B21huqOwuTqiwNmztbhwUlYMeRo=,zieehUt3w/AYRicEFu+1G6r8tak=
18,24,B21huqOwuTqiwNmztbhwUlYMeRo=,rIWXX73GpLhrKmrjKNEEeiUkYiI=
20,24,B21huqOwuTqiwNmztbhwUlYMeRo=,wblH7XHTSfCxZK4Uxb/9d3vEEOk=
20,23,B21huqOwuTqiwNmztbhwUlYMeRo=,zieehUt3w/AYRicEFu+1G6r8tak=
18,21,B21huqOwuTqiwNmztbhwUlYMeRo=,ikEg7v3+/KR9OBwNzPw3BKd9toc=
19,17,B21huqOwuTqiwNmztbhwUlYMeRo=,1Oc7SPFlEDbt1wwrbzZTkLAvfqw=
19,19,B21huqOwuTqiwNmztbhwUlYMeRo=,1Oc7SPFlEDbt1wwrbzZTkLAvfqw=
19,18,B21huqOwuTqiwNmztbhwUlYMeRo=,1Oc7SPFlEDbt1wwrbzZTkLAvfqw=
18,19,B21huqOwuTqiwNmztbhwUlYMeRo=,1Oc7SPFlEDbt1wwrbzZTkLAvfqw=
17,17,B21huqOwuTqiwNmztbhwUlYMeRo=,1Oc7SPFlEDbt1wwrbzZTkLAvfqw=
17,18,B21huqOwuTqiwNmztbhwUlYMeRo=,1Oc7SPFlEDbt1wwrbzZTkLAvfqw=
17,20,B21huqOwuTqiwNmztbhwUlYMeRo=,ikEg7v3+/KR9OBwNzPw3BKd9toc=
18,17,B21huqOwuTqiwNmztbhwUlYMeRo=,1Oc7SPFlEDbt1wwrbzZTkLAvfqw=
19,20,B21huqOwuTqiwNmztbhwUlYMeRo=,ikEg7v3+/KR9OBwNzPw3BKd9toc=
20,20,B21huqOwuTqiwNmztbhwUlYMeRo=,zieehUt3w/AYRicEFu+1G6r8tak=
20,18,B21huqOwuTqiwNmztbhwUlYMeRo=,yxQCPdiDqCQEr7M5I6Kjf2itZxQ=
20,19,B21huqOwuTqiwNmztbhwUlYMeRo=,yxQCPdiDqCQEr7M5I6Kjf2itZxQ=
20,17,B21huqOwuTqiwNmztbhwUlYMeRo=,yxQCPdiDqCQEr7M5I6Kjf2itZxQ=
18,18,B21huqOwuTqiwNmztbhwUlYMeRo=,1Oc7SPFlEDbt1wwrbzZTkLAvfqw=
17,19,B21huqOwuTqiwNmztbhwUlYMeRo=,1Oc7SPFlEDbt1wwrbzZTkLAvfqw=
18,20,B21huqOwuTqiwNmztbhwUlYMeRo=,ikEg7v3+/KR9OBwNzPw3BKd9toc=
18,27,5gKaebXTBOhk3EMWJdtivE5rO18=,rIWXX73GpLhrKmrjKNEEeiUkYiI=
18,30,5gKaebXTBOhk3EMWJdtivE5rO18=,coXc8Ly43TmdQq2m/9bTDB7TCk8=
25,30,5gKaebXTBOhk3EMWJdtivE5rO18=,LDNmNlqTB2WY7oVnK5ZbXlrIJ/E=
17,30,5gKaebXTBOhk3EMWJdtivE5rO18=,coXc8Ly43TmdQq2m/9bTDB7TCk8=
18,29,5gKaebXTBOhk3EMWJdtivE5rO18=,coXc8Ly43TmdQq2m/9bTDB7TCk8=
17,29,5gKaebXTBOhk3EMWJdtivE5rO18=,coXc8Ly43TmdQq2m/9bTDB7TCk8=
18,28,5gKaebXTBOhk3EMWJdtivE5rO18=,coXc8Ly43TmdQq2m/9bTDB7TCk8=
26,30,5gKaebXTBOhk3EMWJdtivE5rO18=,LDNmNlqTB2WY7oVnK5ZbXlrIJ/E=
26,29,5gKaebXTBOhk3EMWJdtivE5rO18=,LDNmNlqTB2WY7oVnK5ZbXlrIJ/E=
25,29,5gKaebXTBOhk3EMWJdtivE5rO18=,LDNmNlqTB2WY7oVnK5ZbXlrIJ/E=
17,28,5gKaebXTBOhk3EMWJdtivE5rO18=,coXc8Ly43TmdQq2m/9bTDB7TCk8=
17,27,5gKaebXTBOhk3EMWJdtivE5rO18=,rIWXX73GpLhrKmrjKNEEeiUkYiI=
23,28,5gKaebXTBOhk3EMWJdtivE5rO18=,Yw0EQZw93AocnYM69jI2x5oLKLQ=
23,23,5gKaebXTBOhk3EMWJdtivE5rO18=,zieehUt3w/AYRicEFu+1G6r8tak=
25,26,5gKaebXTBOhk3EMWJdtivE5rO18=,5aq3j367YxM4I7Gt+JO/MNNtA6w=
23,26,5gKaebXTBOhk3EMWJdtivE5rO18=,wblH7XHTSfCxZK4Uxb/9d3vEEOk=
24,23,5gKaebXTBOhk3EMWJdtivE5rO18=,cs4q1HiNXO9+v1DozWY5QUqVeEE=
23,30,5gKaebXTBOhk3EMWJdtivE5rO18=,Yw0EQZw93AocnYM69jI2x5oLKLQ=
19,29,5gKaebXTBOhk3EMWJdtivE5rO18=,coXc8Ly43TmdQq2m/9bTDB7TCk8=
19,27,5gKaebXTBOhk3EMWJdtivE5rO18=,rIWXX73GpLhrKmrjKNEEeiUkYiI=
25,25,5gKaebXTBOhk3EMWJdtivE5rO18=,5aq3j367YxM4I7Gt+JO/MNNtA6w=
24,30,5gKaebXTBOhk3EMWJdtivE5rO18=,LDNmNlqTB2WY7oVnK5ZbXlrIJ/E=
26,24,5gKaebXTBOhk3EMWJdtivE5rO18=,5aq3j367YxM4I7Gt+JO/MNNtA6w=
25,27,5gKaebXTBOhk3EMWJdtivE5rO18=,5aq3j367YxM4I7Gt+JO/MNNtA6w=
26,27,5gKaebXTBOhk3EMWJdtivE5rO18=,5aq3j367YxM4I7Gt+JO/MNNtA6w=
24,29,5gKaebXTBOhk3EMWJdtivE5rO18=,LDNmNlqTB2WY7oVnK5ZbXlrIJ/E=
21,30,5gKaebXTBOhk3EMWJdtivE5rO18=,Yw0EQZw93AocnYM69jI2x5oLKLQ=
19,28,5gKaebXTBOhk3EMWJdtivE5rO18=,coXc8Ly43TmdQq2m/9bTDB7TCk8=
24,25,5gKaebXTBOhk3EMWJdtivE5rO18=,5aq3j367YxM4I7Gt+JO/MNNtA6w=
26,23,5gKaebXTBOhk3EMWJdtivE5rO18=,cs4q1HiNXO9+v1DozWY5QUqVeEE=
22,28,5gKaebXTBOhk3EMWJdtivE5rO18=,Yw0EQZw93AocnYM69jI2x5oLKLQ=
20,28,5gKaebXTBOhk3EMWJdtivE5rO18=,Yw0EQZw93AocnYM69jI2x5oLKLQ=
24,28,5gKaebXTBOhk3EMWJdtivE5rO18=,LDNmNlqTB2WY7oVnK5ZbXlrIJ/E=
20,27,5gKaebXTBOhk3EMWJdtivE5rO18=,wblH7XHTSfCxZK4Uxb/9d3vEEOk=
20,30,5gKaebXTBOhk3EMWJdtivE5rO18=,Yw0EQZw93AocnYM69jI2x5oLKLQ=
25,24,5gKaebXTBOhk3EMWJdtivE5rO18=,5aq3j367YxM4I7Gt+JO/MNNtA6w=
23,29,5gKaebXTBOhk3EMWJdtivE5rO18=,Yw0EQZw93AocnYM69jI2x5oLKLQ=
24,27,5gKaebXTBOhk3EMWJdtivE5rO18=,5aq3j367YxM4I7Gt+JO/MNNtA6w=
26,26,5gKaebXTBOhk3EMWJdtivE5rO18=,5aq3j367YxM4I7Gt+JO/MNNtA6w=
23,24,5gKaebXTBOhk3EMWJdtivE5rO18=,wblH7XHTSfCxZK4Uxb/9d3vEEOk=
22,27,5gKaebXTBOhk3EMWJdtivE5rO18=,wblH7XHTSfCxZK4Uxb/9d3vEEOk=
26,25,5gKaebXTBOhk3EMWJdtivE5rO18=,5aq3j367YxM4I7Gt+JO/MNNtA6w=
25,28,5gKaebXTBOhk3EMWJdtivE5rO18=,LDNmNlqTB2WY7oVnK5ZbXlrIJ/E=
23,27,5gKaebXTBOhk3EMWJdtivE5rO18=,wblH7XHTSfCxZK4Uxb/9d3vEEOk=
20,29,5gKaebXTBOhk3EMWJdtivE5rO18=,Yw0EQZw93AocnYM69jI2x5oLKLQ=
21,28,5gKaebXTBOhk3EMWJdtivE5rO18=,Yw0EQZw93AocnYM69jI2x5oLKLQ=
19,30,5gKaebXTBOhk3EMWJdtivE5rO18=,coXc8Ly43TmdQq2m/9bTDB7TCk8=
26,28,5gKaebXTBOhk3EMWJdtivE5rO18=,LDNmNlqTB2WY7oVnK5ZbXlrIJ/E=
23,25,5gKaebXTBOhk3EMWJdtivE5rO18=,wblH7XHTSfCxZK4Uxb/9d3vEEOk=
24,24,5gKaebXTBOhk3EMWJdtivE5rO18=,5aq3j367YxM4I7Gt+JO/MNNtA6w=
24,26,5gKaebXTBOhk3EMWJdtivE5rO18=,5aq3j367YxM4I7Gt+JO/MNNtA6w=
21,29,5gKaebXTBOhk3EMWJdtivE5rO18=,Yw0EQZw93AocnYM69jI2x5oLKLQ=
22,30,5gKaebXTBOhk3EMWJdtivE5rO18=,Yw0EQZw93AocnYM69jI2x5oLKLQ=
25,23,5gKaebXTBOhk3EMWJdtivE5rO18=,cs4q1HiNXO9+v1DozWY5QUqVeEE=
21,27,5gKaebXTBOhk3EMWJdtivE5rO18=,wblH7XHTSfCxZK4Uxb/9d3vEEOk=
22,29,5gKaebXTBOhk3EMWJdtivE5rO18=,Yw0EQZw93AocnYM69jI2x5oLKLQ=
31,21,5gKaebXTBOhk3EMWJdtivE5rO18=,Dphhl+K/O2b2QH9kMrVjuf85r7Y=
31,22,5gKaebXTBOhk3EMWJdtivE5rO18=,Dphhl+K/O2b2QH9kMrVjuf85r7Y=
26,31,5gKaebXTBOhk3EMWJdtivE5rO18=,LDNmNlqTB2WY7oVnK5ZbXlrIJ/E=
25,31,5gKaebXTBOhk3EMWJdtivE5rO18=,LDNmNlqTB2WY7oVnK5ZbXlrIJ/E=
31,19,5gKaebXTBOhk3EMWJdtivE5rO18=,/tMD0bRvnJHAsX3YUckZMn4eY1o=
31,17,5gKaebXTBOhk3EMWJdtivE5rO18=,/tMD0bRvnJHAsX3YUckZMn4eY1o=
31,20,5gKaebXTBOhk3EMWJdtivE5rO18=,Dphhl+K/O2b2QH9kMrVjuf85r7Y=
31,18,5gKaebXTBOhk3EMWJdtivE5rO18=,/tMD0bRvnJHAsX3YUckZMn4eY1o=
23,31,5gKaebXTBOhk3EMWJdtivE5rO18=,Yw0EQZw93AocnYM69jI2x5oLKLQ=
22,31,5gKaebXTBOhk3EMWJdtivE5rO18=,Yw0EQZw93AocnYM69jI2x5oLKLQ=
17,31,5gKaebXTBOhk3EMWJdtivE5rO18=,coXc8Ly43TmdQq2m/9bTDB7TCk8=
24,31,5gKaebXTBOhk3EMWJdtivE5rO18=,LDNmNlqTB2WY7oVnK5ZbXlrIJ/E=
19,31,5gKaebXTBOhk3EMWJdtivE5rO18=,coXc8Ly43TmdQq2m/9bTDB7TCk8=
20,31,5gKaebXTBOhk3EMWJdtivE5rO18=,Yw0EQZw93AocnYM69jI2x5oLKLQ=
18,31,5gKaebXTBOhk3EMWJdtivE5rO18=,coXc8Ly43TmdQq2m/9bTDB7TCk8=
21,31,5gKaebXTBOhk3EMWJdtivE5rO18=,Yw0EQZw93AocnYM69jI2x5oLKLQ=
16,25,5gKaebXTBOhk3EMWJdtivE5rO18=,rIWXX73GpLhrKmrjKNEEeiUkYiI=
16,26,5gKaebXTBOhk3EMWJdtivE5rO18=,rIWXX73GpLhrKmrjKNEEeiUkYiI=
16,27,5gKaebXTBOhk3EMWJdtivE5rO18=,rIWXX73GpLhrKmrjKNEEeiUkYiI=
16,28,5gKaebXTBOhk3EMWJdtivE5rO18=,coXc8Ly43TmdQq2m/9bTDB7TCk8=
16,29,5gKaebXTBOhk3EMWJdtivE5rO18=,coXc8Ly43TmdQq2m/9bTDB7TCk8=
16,21,ocu4yjuNc8lpISuHpvTkwhau7k8=,ikEg7v3+/KR9OBwNzPw3BKd9toc=
16,22,ocu4yjuNc8lpISuHpvTkwhau7k8=,ikEg7v3+/KR9OBwNzPw3BKd9toc=
16,23,ocu4yjuNc8lpISuHpvTkwhau7k8=,ikEg7v3+/KR9OBwNzPw3BKd9toc=
16,24,ocu4yjuNc8lpISuHpvTkwhau7k8=,rIWXX73GpLhrKmrjKNEEeiUkYiI=
16,30,ocu4yjuNc8lpISuHpvTkwhau7k8=,coXc8Ly43TmdQq2m/9bTDB7TCk8=
17,16,ocu4yjuNc8lpISuHpvTkwhau7k8=,1Oc7SPFlEDbt1wwrbzZTkLAvfqw=
16,20,ocu4yjuNc8lpISuHpvTkwhau7k8=,ikEg7v3+/KR9OBwNzPw3BKd9toc=
16,17,ocu4yjuNc8lpISuHpvTkwhau7k8=,1Oc7SPFlEDbt1wwrbzZTkLAvfqw=
16,18,ocu4yjuNc8lpISuHpvTkwhau7k8=,1Oc7SPFlEDbt1wwrbzZTkLAvfqw=
18,16,ocu4yjuNc8lpISuHpvTkwhau7k8=,1Oc7SPFlEDbt1wwrbzZTkLAvfqw=
16,19,ocu4yjuNc8lpISuHpvTkwhau7k8=,1Oc7SPFlEDbt1wwrbzZTkLAvfqw=
26,16,ocu4yjuNc8lpISuHpvTkwhau7k8=,M9jY4jSXJ0xVYx7hB+Qt3SkOOnI=
23,16,ocu4yjuNc8lpISuHpvTkwhau7k8=,yxQCPdiDqCQEr7M5I6Kjf2itZxQ=
24,16,ocu4yjuNc8lpISuHpvTkwhau7k8=,M9jY4jSXJ0xVYx7hB+Qt3SkOOnI=
19,16,ocu4yjuNc8lpISuHpvTkwhau7k8=,1Oc7SPFlEDbt1wwrbzZTkLAvfqw=
20,16,ocu4yjuNc8lpISuHpvTkwhau7k8=,yxQCPdiDqCQEr7M5I6Kjf2itZxQ=
22,16,ocu4yjuNc8lpISuHpvTkwhau7k8=,yxQCPdiDqCQEr7M5I6Kjf2itZxQ=
25,16,ocu4yjuNc8lpISuHpvTkwhau7k8=,M9jY4jSXJ0xVYx7hB+Qt3SkOOnI=
21,16,ocu4yjuNc8lpISuHpvTkwhau7k8=,yxQCPdiDqCQEr7M5I6Kjf2itZxQ=
28,16,ocu4yjuNc8lpISuHpvTkwhau7k8=,/tMD0bRvnJHAsX3YUckZMn4eY1o=
29,16,ocu4yjuNc8lpISuHpvTkwhau7k8=,/tMD0bRvnJHAsX3YUckZMn4eY1o=
27,16,ocu4yjuNc8lpISuHpvTkwhau7k8=,M9jY4jSXJ0xVYx7hB+Qt3SkOOnI=
30,16,ocu4yjuNc8lpISuHpvTkwhau7k8=,/tMD0bRvnJHAsX3YUckZMn4eY1o=
31,16,ocu4yjuNc8lpISuHpvTkwhau7k8=,/tMD0bRvnJHAsX3YUckZMn4eY1o=
16,31,ocu4yjuNc8lpISuHpvTkwhau7k8=,coXc8Ly43TmdQq2m/9bTDB7TCk8=
16,16,ocu4yjuNc8lpISuHpvTkwhau7k8=,1Oc7SPFlEDbt1wwrbzZTkLAvfqw=
27,30,ocu4yjuNc8lpISuHpvTkwhau7k8=,LDNmNlqTB2WY7oVnK5ZbXlrIJ/E=
31,31,ocu4yjuNc8lpISuHpvTkwhau7k8=,5ogsGsNK5YHovCZiBrG2xr39GNs=
27,29,ocu4yjuNc8lpISuHpvTkwhau7k8=,LDNmNlqTB2WY7oVnK5ZbXlrIJ/E=
30,31,ocu4yjuNc8lpISuHpvTkwhau7k8=,5ogsGsNK5YHovCZiBrG2xr39GNs=
31,30,ocu4yjuNc8lpISuHpvTkwhau7k8=,5ogsGsNK5YHovCZiBrG2xr39GNs=
30,30,ocu4yjuNc8lpISuHpvTkwhau7k8=,5ogsGsNK5YHovCZiBrG2xr39GNs=
29,30,ocu4yjuNc8lpISuHpvTkwhau7k8=,5ogsGsNK5YHovCZiBrG2xr39GNs=
28,31,ocu4yjuNc8lpISuHpvTkwhau7k8=,5ogsGsNK5YHovCZiBrG2xr39GNs=
31,29,ocu4yjuNc8lpISuHpvTkwhau7k8=,5ogsGsNK5YHovCZiBrG2xr39GNs=
27,31,ocu4yjuNc8lpISuHpvTkwhau7k8=,LDNmNlqTB2WY7oVnK5ZbXlrIJ/E=
29,31,ocu4yjuNc8lpISuHpvTkwhau7k8=,5ogsGsNK5YHovCZiBrG2xr39GNs=
29,29,ocu4yjuNc8lpISuHpvTkwhau7k8=,5ogsGsNK5YHovCZiBrG2xr39GNs=
30,29,ocu4yjuNc8lpISuHpvTkwhau7k8=,5ogsGsNK5YHovCZiBrG2xr39GNs=
28,29,ocu4yjuNc8lpISuHpvTkwhau7k8=,5ogsGsNK5YHovCZiBrG2xr39GNs=
28,23,ocu4yjuNc8lpISuHpvTkwhau7k8=,Dphhl+K/O2b2QH9kMrVjuf85r7Y=
31,26,ocu4yjuNc8lpISuHpvTkwhau7k8=,4q4JWYQaMEt5gb4/ufajPj7ncU8=
28,30,ocu4yjuNc8lpISuHpvTkwhau7k8=,5ogsGsNK5YHovCZiBrG2xr39GNs=
30,26,ocu4yjuNc8lpISuHpvTkwhau7k8=,4q4JWYQaMEt5gb4/ufajPj7ncU8=
29,23,ocu4yjuNc8lpISuHpvTkwhau7k8=,Dphhl+K/O2b2QH9kMrVjuf85r7Y=
31,28,ocu4yjuNc8lpISuHpvTkwhau7k8=,5ogsGsNK5YHovCZiBrG2xr39GNs=
31,24,ocu4yjuNc8lpISuHpvTkwhau7k8=,4q4JWYQaMEt5gb4/ufajPj7ncU8=
28,27,ocu4yjuNc8lpISuHpvTkwhau7k8=,4q4JWYQaMEt5gb4/ufajPj7ncU8=
27,23,ocu4yjuNc8lpISuHpvTkwhau7k8=,cs4q1HiNXO9+v1DozWY5QUqVeEE=
30,24,ocu4yjuNc8lpISuHpvTkwhau7k8=,4q4JWYQaMEt5gb4/ufajPj7ncU8=
28,26,ocu4yjuNc8lpISuHpvTkwhau7k8=,4q4JWYQaMEt5gb4/ufajPj7ncU8=
29,24,ocu4yjuNc8lpISuHpvTkwhau7k8=,4q4JWYQaMEt5gb4/ufajPj7ncU8=
28,24,ocu4yjuNc8lpISuHpvTkwhau7k8=,4q4JWYQaMEt5gb4/ufajPj7ncU8=
30,28,ocu4yjuNc8lpISuHpvTkwhau7k8=,5ogsGsNK5YHovCZiBrG2xr39GNs=
30,25,ocu4yjuNc8lpISuHpvTkwhau7k8=,4q4JWYQaMEt5gb4/ufajPj7ncU8=
27,26,ocu4yjuNc8lpISuHpvTkwhau7k8=,5aq3j367YxM4I7Gt+JO/MNNtA6w=
28,25,ocu4yjuNc8lpISuHpvTkwhau7k8=,4q4JWYQaMEt5gb4/ufajPj7ncU8=
31,23,ocu4yjuNc8lpISuHpvTkwhau7k8=,Dphhl+K/O2b2QH9kMrVjuf85r7Y=
31,27,ocu4yjuNc8lpISuHpvTkwhau7k8=,4q4JWYQaMEt5gb4/ufajPj7ncU8=
30,23,ocu4yjuNc8lpISuHpvTkwhau7k8=,Dphhl+K/O2b2QH9kMrVjuf85r7Y=
28,28,ocu4yjuNc8lpISuHpvTkwhau7k8=,5ogsGsNK5YHovCZiBrG2xr39GNs=
27,28,ocu4yjuNc8lpISuHpvTkwhau7k8=,LDNmNlqTB2WY7oVnK5ZbXlrIJ/E=
29,27,ocu4yjuNc8lpISuHpvTkwhau7k8=,4q4JWYQaMEt5gb4/ufajPj7ncU8=
31,25,ocu4yjuNc8lpISuHpvTkwhau7k8=,4q4JWYQaMEt5gb4/ufajPj7ncU8=
30,27,ocu4yjuNc8lpISuHpvTkwhau7k8=,4q4JWYQaMEt5gb4/ufajPj7ncU8=
27,25,ocu4yjuNc8lpISuHpvTkwhau7k8=,5aq3j367YxM4I7Gt+JO/MNNtA6w=
27,27,ocu4yjuNc8lpISuHpvTkwhau7k8=,5aq3j367YxM4I7Gt+JO/MNNtA6w=
27,24,ocu4yjuNc8lpISuHpvTkwhau7k8=,5aq3j367YxM4I7Gt+JO/MNNtA6w=
29,25,ocu4yjuNc8lpISuHpvTkwhau7k8=,4q4JWYQaMEt5gb4/ufajPj7ncU8=
29,26,ocu4yjuNc8lpISuHpvTkwhau7k8=,4q4JWYQaMEt5gb4/ufajPj7ncU8=
29,28,ocu4yjuNc8lpISuHpvTkwhau7k8=,5ogsGsNK5YHovCZiBrG2xr39GNs=
17,13,9WdYQTkTqt3yXD2AEgZYVApUuOY=,yWgwwgDv299JbRuOzgGleBSLzPI=
17,14,9WdYQTkTqt3yXD2AEgZYVApUuOY=,yWgwwgDv299JbRuOzgGleBSLzPI=
18,13,9WdYQTkTqt3yXD2AEgZYVApUuOY=,yWgwwgDv299JbRuOzgGleBSLzPI=
18,14,9WdYQTkTqt3yXD2AEgZYVApUuOY=,yWgwwgDv299JbRuOzgGleBSLzPI=
19,14,9WdYQTkTqt3yXD2AEgZYVApUuOY=,yWgwwgDv299JbRuOzgGleBSLzPI=
22,14,9WdYQTkTqt3yXD2AEgZYVApUuOY=,3RHSJjIbCp/MZavN1NRSWBRIyX8=
22,13,9WdYQTkTqt3yXD2AEgZYVApUuOY=,3RHSJjIbCp/MZavN1NRSWBRIyX8=
20,14,9WdYQTkTqt3yXD2AEgZYVApUuOY=,3RHSJjIbCp/MZavN1NRSWBRIyX8=
21,13,9WdYQTkTqt3yXD2AEgZYVApUuOY=,3RHSJjIbCp/MZavN1NRSWBRIyX8=
22,10,9WdYQTkTqt3yXD2AEgZYVApUuOY=,TrYptyQ+AFzbODQWcVySkKLWCqk=
21,11,9WdYQTkTqt3yXD2AEgZYVApUuOY=,TrYptyQ+AFzbODQWcVySkKLWCqk=
21,14,9WdYQTkTqt3yXD2AEgZYVApUuOY=,3RHSJjIbCp/MZavN1NRSWBRIyX8=
22,12,9WdYQTkTqt3yXD2AEgZYVApUuOY=,3RHSJjIbCp/MZavN1NRSWBRIyX8=
21,10,9WdYQTkTqt3yXD2AEgZYVApUuOY=,TrYptyQ+AFzbODQWcVySkKLWCqk=
21,12,9WdYQTkTqt3yXD2AEgZYVApUuOY=,3RHSJjIbCp/MZavN1NRSWBRIyX8=
19,13,9WdYQTkTqt3yXD2AEgZYVApUuOY=,yWgwwgDv299JbRuOzgGleBSLzPI=
20,13,9WdYQTkTqt3yXD2AEgZYVApUuOY=,3RHSJjIbCp/MZavN1NRSWBRIyX8=
22,11,9WdYQTkTqt3yXD2AEgZYVApUuOY=,TrYptyQ+AFzbODQWcVySkKLWCqk=
21,9,9WdYQTkTqt3yXD2AEgZYVApUuOY=,TrYptyQ+AFzbODQWcVySkKLWCqk=
22,9,9WdYQTkTqt3yXD2AEgZYVApUuOY=,TrYptyQ+AFzbODQWcVySkKLWCqk=
18,12,9WdYQTkTqt3yXD2AEgZYVApUuOY=,yWgwwgDv299JbRuOzgGleBSLzPI=
18,11,9WdYQTkTqt3yXD2AEgZYVApUuOY=,EpNbIGm7PqMUHKqfNXeN6hhQ9MA=
20,11,9WdYQTkTqt3yXD2AEgZYVApUuOY=,TrYptyQ+AFzbODQWcVySkKLWCqk=
17,9,9WdYQTkTqt3yXD2AEgZYVApUuOY=,EpNbIGm7PqMUHKqfNXeN6hhQ9MA=
20,10,9WdYQTkTqt3yXD2AEgZYVApUuOY=,TrYptyQ+AFzbODQWcVySkKLWCqk=
17,12,9WdYQTkTqt3yXD2AEgZYVApUuOY=,yWgwwgDv299JbRuOzgGleBSLzPI=
17,10,9WdYQTkTqt3yXD2AEgZYVApUuOY=,EpNbIGm7PqMUHKqfNXeN6hhQ9MA=
20,12,9WdYQTkTqt3yXD2AEgZYVApUuOY=,3RHSJjIbCp/MZavN1NRSWBRIyX8=
19,10,9WdYQTkTqt3yXD2AEgZYVApUuOY=,EpNbIGm7PqMUHKqfNXeN6hhQ9MA=
19,9,9WdYQTkTqt3yXD2AEgZYVApUuOY=,EpNbIGm7PqMUHKqfNXeN6hhQ9MA=
19,12,9WdYQTkTqt3yXD2AEgZYVApUuOY=,yWgwwgDv299JbRuOzgGleBSLzPI=
19,11,9WdYQTkTqt3yXD2AEgZYVApUuOY=,EpNbIGm7PqMUHKqfNXeN6hhQ9MA=
18,10,9WdYQTkTqt3yXD2AEgZYVApUuOY=,EpNbIGm7PqMUHKqfNXeN6hhQ9MA=
20,9,9WdYQTkTqt3yXD2AEgZYVApUuOY=,TrYptyQ+AFzbODQWcVySkKLWCqk=
17,11,9WdYQTkTqt3yXD2AEgZYVApUuOY=,EpNbIGm7PqMUHKqfNXeN6hhQ9MA=
18,9,9WdYQTkTqt3yXD2AEgZYVApUuOY=,EpNbIGm7PqMUHKqfNXeN6hhQ9MA=
25,6,GBYdU1l/jTfno0P3XEx3Ek3PJVw=,CV7qNilDDCRdlcZFRoVCWb3sWzA=
25,5,GBYdU1l/jTfno0P3XEx3Ek3PJVw=,CV7qNilDDCRdlcZFRoVCWb3sWzA=
26,5,GBYdU1l/jTfno0P3XEx3Ek3PJVw=,CV7qNilDDCRdlcZFRoVCWb3sWzA=
26,6,GBYdU1l/jTfno0P3XEx3Ek3PJVw=,CV7qNilDDCRdlcZFRoVCWb3sWzA=
22,8,GBYdU1l/jTfno0P3XEx3Ek3PJVw=,TrYptyQ+AFzbODQWcVySkKLWCqk=
23,5,GBYdU1l/jTfno0P3XEx3Ek3PJVw=,GN/v+N3R+DIwwawrfp4YriBMNxA=
21,8,GBYdU1l/jTfno0P3XEx3Ek3PJVw=,TrYptyQ+AFzbODQWcVySkKLWCqk=
21,7,GBYdU1l/jTfno0P3XEx3Ek3PJVw=,GN/v+N3R+DIwwawrfp4YriBMNxA=
23,6,GBYdU1l/jTfno0P3XEx3Ek3PJVw=,GN/v+N3R+DIwwawrfp4YriBMNxA=
21,6,GBYdU1l/jTfno0P3XEx3Ek3PJVw=,GN/v+N3R+DIwwawrfp4YriBMNxA=
22,6,GBYdU1l/jTfno0P3XEx3Ek3PJVw=,GN/v+N3R+DIwwawrfp4YriBMNxA=
22,7,GBYdU1l/jTfno0P3XEx3Ek3PJVw=,GN/v+N3R+DIwwawrfp4YriBMNxA=
22,5,GBYdU1l/jTfno0P3XEx3Ek3PJVw=,GN/v+N3R+DIwwawrfp4YriBMNxA=
24,5,GBYdU1l/jTfno0P3XEx3Ek3PJVw=,CV7qNilDDCRdlcZFRoVCWb3sWzA=
24,6,GBYdU1l/jTfno0P3XEx3Ek3PJVw=,CV7qNilDDCRdlcZFRoVCWb3sWzA=
20,8,GBYdU1l/jTfno0P3XEx3Ek3PJVw=,TrYptyQ+AFzbODQWcVySkKLWCqk=
20,7,GBYdU1l/jTfno0P3XEx3Ek3PJVw=,GN/v+N3R+DIwwawrfp4YriBMNxA=
19,8,GBYdU1l/jTfno0P3XEx3Ek3PJVw=,EpNbIGm7PqMUHKqfNXeN6hhQ9MA=
18,8,GBYdU1l/jTfno0P3XEx3Ek3PJVw=,EpNbIGm7PqMUHKqfNXeN6hhQ9MA=
17,6,GBYdU1l/jTfno0P3XEx3Ek3PJVw=,BJXzW7sf/mySTMm9goYaxs4KCI4=
21,5,GBYdU1l/jTfno0P3XEx3Ek3PJVw=,GN/v+N3R+DIwwawrfp4YriBMNxA=
19,6,GBYdU1l/jTfno0P3XEx3Ek3PJVw=,BJXzW7sf/mySTMm9goYaxs4KCI4=
20,6,GBYdU1l/jTfno0P3XEx3Ek3PJVw=,GN/v+N3R+DIwwawrfp4YriBMNxA=
17,7,GBYdU1l/jTfno0P3XEx3Ek3PJVw=,BJXzW7sf/mySTMm9goYaxs4KCI4=
19,5,GBYdU1l/jTfno0P3XEx3Ek3PJVw=,BJXzW7sf/mySTMm9goYaxs4KCI4=
18,7,GBYdU1l/jTfno0P3XEx3Ek3PJVw=,BJXzW7sf/mySTMm9goYaxs4KCI4=
17,5,GBYdU1l/jTfno0P3XEx3Ek3PJVw=,BJXzW7sf/mySTMm9goYaxs4KCI4=
17,8,GBYdU1l/jTfno0P3XEx3Ek3PJVw=,EpNbIGm7PqMUHKqfNXeN6hhQ9MA=
18,5,GBYdU1l/jTfno0P3XEx3Ek3PJVw=,BJXzW7sf/mySTMm9goYaxs4KCI4=
20,5,GBYdU1l/jTfno0P3XEx3Ek3PJVw=,GN/v+N3R+DIwwawrfp4YriBMNxA=
18,6,GBYdU1l/jTfno0P3XEx3Ek3PJVw=,BJXzW7sf/mySTMm9goYaxs4KCI4=
19,7,GBYdU1l/jTfno0P3XEx3Ek3PJVw=,BJXzW7sf/mySTMm9goYaxs4KCI4=
30,6,GBYdU1l/jTfno0P3XEx3Ek3PJVw=,zvnvhgAkLX1FNKBOJm79VPGmuYY=
27,5,GBYdU1l/jTfno0P3XEx3Ek3PJVw=,CV7qNilDDCRdlcZFRoVCWb3sWzA=
28,5,GBYdU1l/jTfno0P3XEx3Ek3PJVw=,zvnvhgAkLX1FNKBOJm79VPGmuYY=
27,6,GBYdU1l/jTfno0P3XEx3Ek3PJVw=,CV7qNilDDCRdlcZFRoVCWb3sWzA=
30,5,GBYdU1l/jTfno0P3XEx3Ek3PJVw=,zvnvhgAkLX1FNKBOJm79VPGmuYY=
29,5,GBYdU1l/jTfno0P3XEx3Ek3PJVw=,zvnvhgAkLX1FNKBOJm79VPGmuYY=
28,6,GBYdU1l/jTfno0P3XEx3Ek3PJVw=,zvnvhgAkLX1FNKBOJm79VPGmuYY=
29,6,GBYdU1l/jTfno0P3XEx3Ek3PJVw=,zvnvhgAkLX1FNKBOJm79VPGmuYY=
22,2,H5YI96uGKVUghgogNCYxHJhJxhU=,2V09hRJn7qRXNw+upoRw6A+3ytY=
21,1,H5YI96uGKVUghgogNCYxHJhJxhU=,2V09hRJn7qRXNw+upoRw6A+3ytY=
21,2,H5YI96uGKVUghgogNCYxHJhJxhU=,2V09hRJn7qRXNw+upoRw6A+3ytY=
22,1,H5YI96uGKVUghgogNCYxHJhJxhU=,2V09hRJn7qRXNw+upoRw6A+3ytY=
21,3,H5YI96uGKVUghgogNCYxHJhJxhU=,2V09hRJn7qRXNw+upoRw6A+3ytY=
21,4,H5YI96uGKVUghgogNCYxHJhJxhU=,GN/v+N3R+DIwwawrfp4YriBMNxA=
22,3,H5YI96uGKVUghgogNCYxHJhJxhU=,2V09hRJn7qRXNw+upoRw6A+3ytY=
22,4,H5YI96uGKVUghgogNCYxHJhJxhU=,GN/v+N3R+DIwwawrfp4YriBMNxA=
21,0,H5YI96uGKVUghgogNCYxHJhJxhU=,2V09hRJn7qRXNw+upoRw6A+3ytY=
22,0,H5YI96uGKVUghgogNCYxHJhJxhU=,2V09hRJn7qRXNw+upoRw6A+3ytY=
31,5,H5YI96uGKVUghgogNCYxHJhJxhU=,zvnvhgAkLX1FNKBOJm79VPGmuYY=
31,6,H5YI96uGKVUghgogNCYxHJhJxhU=,zvnvhgAkLX1FNKBOJm79VPGmuYY=
30,0,tbzdtMI2rZrmoB++PsU0rhCrQ0U=,8bcjwjvD0pNKxq5gjr8i/Sz2ACU=
29,3,tbzdtMI2rZrmoB++PsU0rhCrQ0U=,8bcjwjvD0pNKxq5gjr8i/Sz2ACU=
31,2,tbzdtMI2rZrmoB++PsU0rhCrQ0U=,8bcjwjvD0pNKxq5gjr8i/Sz2ACU=
30,3,tbzdtMI2rZrmoB++PsU0rhCrQ0U=,8bcjwjvD0pNKxq5gjr8i/Sz2ACU=
31,4,tbzdtMI2rZrmoB++PsU0rhCrQ0U=,zvnvhgAkLX1FNKBOJm79VPGmuYY=
31,3,tbzdtMI2rZrmoB++PsU0rhCrQ0U=,8bcjwjvD0pNKxq5gjr8i/Sz2ACU=
30,4,tbzdtMI2rZrmoB++PsU0rhCrQ0U=,zvnvhgAkLX1FNKBOJm79VPGmuYY=
29,4,tbzdtMI2rZrmoB++PsU0rhCrQ0U=,zvnvhgAkLX1FNKBOJm79VPGmuYY=
30,1,tbzdtMI2rZrmoB++PsU0rhCrQ0U=,8bcjwjvD0pNKxq5gjr8i/Sz2ACU=
31,1,tbzdtMI2rZrmoB++PsU0rhCrQ0U=,8bcjwjvD0pNKxq5gjr8i/Sz2ACU=
29,0,tbzdtMI2rZrmoB++PsU0rhCrQ0U=,8bcjwjvD0pNKxq5gjr8i/Sz2ACU=
29,1,tbzdtMI2rZrmoB++PsU0rhCrQ0U=,8bcjwjvD0pNKxq5gjr8i/Sz2ACU=
29,2,tbzdtMI2rZrmoB++PsU0rhCrQ0U=,8bcjwjvD0pNKxq5gjr8i/Sz2ACU=
30,2,tbzdtMI2rZrmoB++PsU0rhCrQ0U=,8bcjwjvD0pNKxq5gjr8i/Sz2ACU=
26,4,tbzdtMI2rZrmoB++PsU0rhCrQ0U=,CV7qNilDDCRdlcZFRoVCWb3sWzA=
23,2,tbzdtMI2rZrmoB++PsU0rhCrQ0U=,2V09hRJn7qRXNw+upoRw6A+3ytY=
23,0,tbzdtMI2rZrmoB++PsU0rhCrQ0U=,2V09hRJn7qRXNw+upoRw6A+3ytY=
24,4,tbzdtMI2rZrmoB++PsU0rhCrQ0U=,CV7qNilDDCRdlcZFRoVCWb3sWzA=
28,0,tbzdtMI2rZrmoB++PsU0rhCrQ0U=,8bcjwjvD0pNKxq5gjr8i/Sz2ACU=
28,4,tbzdtMI2rZrmoB++PsU0rhCrQ0U=,zvnvhgAkLX1FNKBOJm79VPGmuYY=
25,4,tbzdtMI2rZrmoB++PsU0rhCrQ0U=,CV7qNilDDCRdlcZFRoVCWb3sWzA=
24,3,tbzdtMI2rZrmoB++PsU0rhCrQ0U=,2e1OEXAxT2hlYBen1xu5g8fq2LE=
25,0,tbzdtMI2rZrmoB++PsU0rhCrQ0U=,2e1OEXAxT2hlYBen1xu5g8fq2LE=
28,2,tbzdtMI2rZrmoB++PsU0rhCrQ0U=,8bcjwjvD0pNKxq5gjr8i/Sz2ACU=
25,1,tbzdtMI2rZrmoB++PsU0rhCrQ0U=,2e1OEXAxT2hlYBen1xu5g8fq2LE=
26,1,tbzdtMI2rZrmoB++PsU0rhCrQ0U=,2e1OEXAxT2hlYBen1xu5g8fq2LE=
25,3,tbzdtMI2rZrmoB++PsU0rhCrQ0U=,2e1OEXAxT2hlYBen1xu5g8fq2LE=
18,1,tbzdtMI2rZrmoB++PsU0rhCrQ0U=,XXeAE9n5NNPxje8KzGpc5OPoD1M=
18,0,tbzdtMI2rZrmoB++PsU0rhCrQ0U=,XXeAE9n5NNPxje8KzGpc5OPoD1M=
24,2,tbzdtMI2rZrmoB++PsU0rhCrQ0U=,2e1OEXAxT2hlYBen1xu5g8fq2LE=
27,1,tbzdtMI2rZrmoB++PsU0rhCrQ0U=,2e1OEXAxT2hlYBen1xu5g8fq2LE=
16,1,tbzdtMI2rZrmoB++PsU0rhCrQ0U=,XXeAE9n5NNPxje8KzGpc5OPoD1M=
17,0,tbzdtMI2rZrmoB++PsU0rhCrQ0U=,XXeAE9n5NNPxje8KzGpc5OPoD1M=
20,1,tbzdtMI2rZrmoB++PsU0rhCrQ0U=,2V09hRJn7qRXNw+upoRw6A+3ytY=
17,4,tbzdtMI2rZrmoB++PsU0rhCrQ0U=,BJXzW7sf/mySTMm9goYaxs4KCI4=
20,0,tbzdtMI2rZrmoB++PsU0rhCrQ0U=,2V09hRJn7qRXNw+upoRw6A+3ytY=
18,3,tbzdtMI2rZrmoB++PsU0rhCrQ0U=,XXeAE9n5NNPxje8KzGpc5OPoD1M=
17,1,tbzdtMI2rZrmoB++PsU0rhCrQ0U=,XXeAE9n5NNPxje8KzGpc5OPoD1M=
19,0,tbzdtMI2rZrmoB++PsU0rhCrQ0U=,XXeAE9n5NNPxje8KzGpc5OPoD1M=
16,2,tbzdtMI2rZrmoB++PsU0rhCrQ0U=,XXeAE9n5NNPxje8KzGpc5OPoD1M=
18,2,tbzdtMI2rZrmoB++PsU0rhCrQ0U=,XXeAE9n5NNPxje8KzGpc5OPoD1M=
20,2,tbzdtMI2rZrmoB++PsU0rhCrQ0U=,2V09hRJn7qRXNw+upoRw6A+3ytY=
27,4,tbzdtMI2rZrmoB++PsU0rhCrQ0U=,CV7qNilDDCRdlcZFRoVCWb3sWzA=
27,0,tbzdtMI2rZrmoB++PsU0rhCrQ0U=,2e1OEXAxT2hlYBen1xu5g8fq2LE=
20,4,tbzdtMI2rZrmoB++PsU0rhCrQ0U=,GN/v+N3R+DIwwawrfp4YriBMNxA=
18,4,tbzdtMI2rZrmoB++PsU0rhCrQ0U=,BJXzW7sf/mySTMm9goYaxs4KCI4=
28,3,tbzdtMI2rZrmoB++PsU0rhCrQ0U=,8bcjwjvD0pNKxq5gjr8i/Sz2ACU=
26,0,tbzdtMI2rZrmoB++PsU0rhCrQ0U=,2e1OEXAxT2hlYBen1xu5g8fq2LE=
26,2,tbzdtMI2rZrmoB++PsU0rhCrQ0U=,2e1OEXAxT2hlYBen1xu5g8fq2LE=
19,3,tbzdtMI2rZrmoB++PsU0rhCrQ0U=,XXeAE9n5NNPxje8KzGpc5OPoD1M=
17,3,tbzdtMI2rZrmoB++PsU0rhCrQ0U=,XXeAE9n5NNPxje8KzGpc5OPoD1M=
26,3,tbzdtMI2rZrmoB++PsU0rhCrQ0U=,2e1OEXAxT2hlYBen1xu5g8fq2LE=
19,4,tbzdtMI2rZrmoB++PsU0rhCrQ0U=,BJXzW7sf/mySTMm9goYaxs4KCI4=
23,3,tbzdtMI2rZrmoB++PsU0rhCrQ0U=,2V09hRJn7qRXNw+upoRw6A+3ytY=
27,3,tbzdtMI2rZrmoB++PsU0rhCrQ0U=,2e1OEXAxT2hlYBen1xu5g8fq2LE=
27,2,tbzdtMI2rZrmoB++PsU0rhCrQ0U=,2e1OEXAxT2hlYBen1xu5g8fq2LE=
20,3,tbzdtMI2rZrmoB++PsU0rhCrQ0U=,2V09hRJn7qRXNw+upoRw6A+3ytY=
23,4,tbzdtMI2rZrmoB++PsU0rhCrQ0U=,GN/v+N3R+DIwwawrfp4YriBMNxA=
23,1,tbzdtMI2rZrmoB++PsU0rhCrQ0U=,2V09hRJn7qRXNw+upoRw6A+3ytY=
19,1,tbzdtMI2rZrmoB++PsU0rhCrQ0U=,XXeAE9n5NNPxje8KzGpc5OPoD1M=
24,0,tbzdtMI2rZrmoB++PsU0rhCrQ0U=,2e1OEXAxT2hlYBen1xu5g8fq2LE=
19,2,tbzdtMI2rZrmoB++PsU0rhCrQ0U=,XXeAE9n5NNPxje8KzGpc5OPoD1M=
28,1,tbzdtMI2rZrmoB++PsU0rhCrQ0U=,8bcjwjvD0pNKxq5gjr8i/Sz2ACU=
24,1,tbzdtMI2rZrmoB++PsU0rhCrQ0U=,2e1OEXAxT2hlYBen1xu5g8fq2LE=
25,2,tbzdtMI2rZrmoB++PsU0rhCrQ0U=,2e1OEXAxT2hlYBen1xu5g8fq2LE=
17,2,tbzdtMI2rZrmoB++PsU0rhCrQ0U=,XXeAE9n5NNPxje8KzGpc5OPoD1M=
29,8,tbzdtMI2rZrmoB++PsU0rhCrQ0U=,G5Dt0eZdZpL+yNrCT6gLKZQtMY0=
30,10,tbzdtMI2rZrmoB++PsU0rhCrQ0U=,G5Dt0eZdZpL+yNrCT6gLKZQtMY0=
29,7,tbzdtMI2rZrmoB++PsU0rhCrQ0U=,zvnvhgAkLX1FNKBOJm79VPGmuYY=
30,9,tbzdtMI2rZrmoB++PsU0rhCrQ0U=,G5Dt0eZdZpL+yNrCT6gLKZQtMY0=
29,10,tbzdtMI2rZrmoB++PsU0rhCrQ0U=,G5Dt0eZdZpL+yNrCT6gLKZQtMY0=
30,8,tbzdtMI2rZrmoB++PsU0rhCrQ0U=,G5Dt0eZdZpL+yNrCT6gLKZQtMY0=
29,9,tbzdtMI2rZrmoB++PsU0rhCrQ0U=,G5Dt0eZdZpL+yNrCT6gLKZQtMY0=
30,7,tbzdtMI2rZrmoB++PsU0rhCrQ0U=,zvnvhgAkLX1FNKBOJm79VPGmuYY=
31,8,tbzdtMI2rZrmoB++PsU0rhCrQ0U=,G5Dt0eZdZpL+yNrCT6gLKZQtMY0=
31,9,tbzdtMI2rZrmoB++PsU0rhCrQ0U=,G5Dt0eZdZpL+yNrCT6gLKZQtMY0=
31,7,tbzdtMI2rZrmoB++PsU0rhCrQ0U=,zvnvhgAkLX1FNKBOJm79VPGmuYY=
31,10,tbzdtMI2rZrmoB++PsU0rhCrQ0U=,G5Dt0eZdZpL+yNrCT6gLKZQtMY0=
22,15,tbzdtMI2rZrmoB++PsU0rhCrQ0U=,3RHSJjIbCp/MZavN1NRSWBRIyX8=
21,15,tbzdtMI2rZrmoB++PsU0rhCrQ0U=,3RHSJjIbCp/MZavN1NRSWBRIyX8=
20,15,OIIjXEWQvFSYlZKGuUCgi8UUUdQ=,3RHSJjIbCp/MZavN1NRSWBRIyX8=
17,15,OIIjXEWQvFSYlZKGuUCgi8UUUdQ=,yWgwwgDv299JbRuOzgGleBSLzPI=
19,15,OIIjXEWQvFSYlZKGuUCgi8UUUdQ=,yWgwwgDv299JbRuOzgGleBSLzPI=
18,15,OIIjXEWQvFSYlZKGuUCgi8UUUdQ=,yWgwwgDv299JbRuOzgGleBSLzPI=
27,10,OIIjXEWQvFSYlZKGuUCgi8UUUdQ=,2rMvw6Gmqk8inmer+qG7sXz/QTo=
26,10,OIIjXEWQvFSYlZKGuUCgi8UUUdQ=,2rMvw6Gmqk8inmer+qG7sXz/QTo=
26,7,OIIjXEWQvFSYlZKGuUCgi8UUUdQ=,CV7qNilDDCRdlcZFRoVCWb3sWzA=
25,10,OIIjXEWQvFSYlZKGuUCgi8UUUdQ=,2rMvw6Gmqk8inmer+qG7sXz/QTo=
28,7,OIIjXEWQvFSYlZKGuUCgi8UUUdQ=,zvnvhgAkLX1FNKBOJm79VPGmuYY=
27,9,OIIjXEWQvFSYlZKGuUCgi8UUUdQ=,2rMvw6Gmqk8inmer+qG7sXz/QTo=
24,7,OIIjXEWQvFSYlZKGuUCgi8UUUdQ=,CV7qNilDDCRdlcZFRoVCWb3sWzA=
26,8,OIIjXEWQvFSYlZKGuUCgi8UUUdQ=,2rMvw6Gmqk8inmer+qG7sXz/QTo=
28,9,OIIjXEWQvFSYlZKGuUCgi8UUUdQ=,G5Dt0eZdZpL+yNrCT6gLKZQtMY0=
16,14,OIIjXEWQvFSYlZKGuUCgi8UUUdQ=,yWgwwgDv299JbRuOzgGleBSLzPI=
26,9,OIIjXEWQvFSYlZKGuUCgi8UUUdQ=,2rMvw6Gmqk8inmer+qG7sXz/QTo=
24,8,OIIjXEWQvFSYlZKGuUCgi8UUUdQ=,2rMvw6Gmqk8inmer+qG7sXz/QTo=
27,8,OIIjXEWQvFSYlZKGuUCgi8UUUdQ=,2rMvw6Gmqk8inmer+qG7sXz/QTo=
24,10,OIIjXEWQvFSYlZKGuUCgi8UUUdQ=,2rMvw6Gmqk8inmer+qG7sXz/QTo=
23,8,OIIjXEWQvFSYlZKGuUCgi8UUUdQ=,TrYptyQ+AFzbODQWcVySkKLWCqk=
23,9,OIIjXEWQvFSYlZKGuUCgi8UUUdQ=,TrYptyQ+AFzbODQWcVySkKLWCqk=
28,8,OIIjXEWQvFSYlZKGuUCgi8UUUdQ=,G5Dt0eZdZpL+yNrCT6gLKZQtMY0=
27,7,OIIjXEWQvFSYlZKGuUCgi8UUUdQ=,CV7qNilDDCRdlcZFRoVCWb3sWzA=
23,7,OIIjXEWQvFSYlZKGuUCgi8UUUdQ=,GN/v+N3R+DIwwawrfp4YriBMNxA=
16,13,OIIjXEWQvFSYlZKGuUCgi8UUUdQ=,yWgwwgDv299JbRuOzgGleBSLzPI=
28,10,OIIjXEWQvFSYlZKGuUCgi8UUUdQ=,G5Dt0eZdZpL+yNrCT6gLKZQtMY0=
24,9,OIIjXEWQvFSYlZKGuUCgi8UUUdQ=,2rMvw6Gmqk8inmer+qG7sXz/QTo=
23,10,OIIjXEWQvFSYlZKGuUCgi8UUUdQ=,TrYptyQ+AFzbODQWcVySkKLWCqk=
25,8,OIIjXEWQvFSYlZKGuUCgi8UUUdQ=,2rMvw6Gmqk8inmer+qG7sXz/QTo=
25,9,OIIjXEWQvFSYlZKGuUCgi8UUUdQ=,2rMvw6Gmqk8inmer+qG7sXz/QTo=
25,7,OIIjXEWQvFSYlZKGuUCgi8UUUdQ=,CV7qNilDDCRdlcZFRoVCWb3sWzA=
16,5,OIIjXEWQvFSYlZKGuUCgi8UUUdQ=,BJXzW7sf/mySTMm9goYaxs4KCI4=
16,6,OIIjXEWQvFSYlZKGuUCgi8UUUdQ=,BJXzW7sf/mySTMm9goYaxs4KCI4=
16,11,OIIjXEWQvFSYlZKGuUCgi8UUUdQ=,EpNbIGm7PqMUHKqfNXeN6hhQ9MA=
16,7,OIIjXEWQvFSYlZKGuUCgi8UUUdQ=,BJXzW7sf/mySTMm9goYaxs4KCI4=
16,8,OIIjXEWQvFSYlZKGuUCgi8UUUdQ=,EpNbIGm7PqMUHKqfNXeN6hhQ9MA=
16,10,OIIjXEWQvFSYlZKGuUCgi8UUUdQ=,EpNbIGm7PqMUHKqfNXeN6hhQ9MA=
16,9,OIIjXEWQvFSYlZKGuUCgi8UUUdQ=,EpNbIGm7PqMUHKqfNXeN6hhQ9MA=
16,12,OIIjXEWQvFSYlZKGuUCgi8UUUdQ=,yWgwwgDv299JbRuOzgGleBSLzPI=
16,3,OIIjXEWQvFSYlZKGuUCgi8UUUdQ=,XXeAE9n5NNPxje8KzGpc5OPoD1M=
31,0,OIIjXEWQvFSYlZKGuUCgi8UUUdQ=,8bcjwjvD0pNKxq5gjr8i/Sz2ACU=
16,0,OIIjXEWQvFSYlZKGuUCgi8UUUdQ=,XXeAE9n5NNPxje8KzGpc5OPoD1M=
16,15,OIIjXEWQvFSYlZKGuUCgi8UUUdQ=,yWgwwgDv299JbRuOzgGleBSLzPI=
16,4,OIIjXEWQvFSYlZKGuUCgi8UUUdQ=,BJXzW7sf/mySTMm9goYaxs4KCI4=
23,15,OIIjXEWQvFSYlZKGuUCgi8UUUdQ=,3RHSJjIbCp/MZavN1NRSWBRIyX8=
23,14,OIIjXEWQvFSYlZKGuUCgi8UUUdQ=,3RHSJjIbCp/MZavN1NRSWBRIyX8=
25,12,OIIjXEWQvFSYlZKGuUCgi8UUUdQ=,7XzFL6iWeZc6vi/Xh2fWXGd1Grc=
25,14,OIIjXEWQvFSYlZKGuUCgi8UUUdQ=,7XzFL6iWeZc6vi/Xh2fWXGd1Grc=
26,11,OIIjXEWQvFSYlZKGuUCgi8UUUdQ=,2rMvw6Gmqk8inmer+qG7sXz/QTo=
23,12,OIIjXEWQvFSYlZKGuUCgi8UUUdQ=,3RHSJjIbCp/MZavN1NRSWBRIyX8=
25,11,OIIjXEWQvFSYlZKGuUCgi8UUUdQ=,2rMvw6Gmqk8inmer+qG7sXz/QTo=
24,12,OIIjXEWQvFSYlZKGuUCgi8UUUdQ=,7XzFL6iWeZc6vi/Xh2fWXGd1Grc=
25,15,OIIjXEWQvFSYlZKGuUCgi8UUUdQ=,7XzFL6iWeZc6vi/Xh2fWXGd1Grc=
26,12,OIIjXEWQvFSYlZKGuUCgi8UUUdQ=,7XzFL6iWeZc6vi/Xh2fWXGd1Grc=
26,15,OIIjXEWQvFSYlZKGuUCgi8UUUdQ=,7XzFL6iWeZc6vi/Xh2fWXGd1Grc=
24,13,OIIjXEWQvFSYlZKGuUCgi8UUUdQ=,7XzFL6iWeZc6vi/Xh2fWXGd1Grc=
24,11,OIIjXEWQvFSYlZKGuUCgi8UUUdQ=,2rMvw6Gmqk8inmer+qG7sXz/QTo=
26,13,OIIjXEWQvFSYlZKGuUCgi8UUUdQ=,7XzFL6iWeZc6vi/Xh2fWXGd1Grc=
25,13,OIIjXEWQvFSYlZKGuUCgi8UUUdQ=,7XzFL6iWeZc6vi/Xh2fWXGd1Grc=
24,14,OIIjXEWQvFSYlZKGuUCgi8UUUdQ=,7XzFL6iWeZc6vi/Xh2fWXGd1Grc=
23,13,OIIjXEWQvFSYlZKGuUCgi8UUUdQ=,3RHSJjIbCp/MZavN1NRSWBRIyX8=
28,13,OIIjXEWQvFSYlZKGuUCgi8UUUdQ=,Um8mRA/8U8bL889svcG62hmEwdM=
30,12,OIIjXEWQvFSYlZKGuUCgi8UUUdQ=,Um8mRA/8U8bL889svcG62hmEwdM=
31,12,OIIjXEWQvFSYlZKGuUCgi8UUUdQ=,Um8mRA/8U8bL889svcG62hmEwdM=
31,11,OIIjXEWQvFSYlZKGuUCgi8UUUdQ=,G5Dt0eZdZpL+yNrCT6gLKZQtMY0=
29,15,OIIjXEWQvFSYlZKGuUCgi8UUUdQ=,Um8mRA/8U8bL889svcG62hmEwdM=
30,11,OIIjXEWQvFSYlZKGuUCgi8UUUdQ=,G5Dt0eZdZpL+yNrCT6gLKZQtMY0=
24,15,OIIjXEWQvFSYlZKGuUCgi8UUUdQ=,7XzFL6iWeZc6vi/Xh2fWXGd1Grc=
23,11,OIIjXEWQvFSYlZKGuUCgi8UUUdQ=,TrYptyQ+AFzbODQWcVySkKLWCqk=
28,12,OIIjXEWQvFSYlZKGuUCgi8UUUdQ=,Um8mRA/8U8bL889svcG62hmEwdM=
27,13,OIIjXEWQvFSYlZKGuUCgi8UUUdQ=,7XzFL6iWeZc6vi/Xh2fWXGd1Grc=
28,15,OIIjXEWQvFSYlZKGuUCgi8UUUdQ=,Um8mRA/8U8bL889svcG62hmEwdM=
30,14,OIIjXEWQvFSYlZKGuUCgi8UUUdQ=,Um8mRA/8U8bL889svcG62hmEwdM=
28,11,OIIjXEWQvFSYlZKGuUCgi8UUUdQ=,G5Dt0eZdZpL+yNrCT6gLKZQtMY0=
27,15,OIIjXEWQvFSYlZKGuUCgi8UUUdQ=,7XzFL6iWeZc6vi/Xh2fWXGd1Grc=
30,13,OIIjXEWQvFSYlZKGuUCgi8UUUdQ=,Um8mRA/8U8bL889svcG62hmEwdM=
31,13,OIIjXEWQvFSYlZKGuUCgi8UUUdQ=,Um8mRA/8U8bL889svcG62hmEwdM=
29,12,OIIjXEWQvFSYlZKGuUCgi8UUUdQ=,Um8mRA/8U8bL889svcG62hmEwdM=
29,14,OIIjXEWQvFSYlZKGuUCgi8UUUdQ=,Um8mRA/8U8bL889svcG62hmEwdM=
29,11,OIIjXEWQvFSYlZKGuUCgi8UUUdQ=,G5Dt0eZdZpL+yNrCT6gLKZQtMY0=
27,12,OIIjXEWQvFSYlZKGuUCgi8UUUdQ=,7XzFL6iWeZc6vi/Xh2fWXGd1Grc=
31,14,OIIjXEWQvFSYlZKGuUCgi8UUUdQ=,Um8mRA/8U8bL889svcG62hmEwdM=
27,14,OIIjXEWQvFSYlZKGuUCgi8UUUdQ=,7XzFL6iWeZc6vi/Xh2fWXGd1Grc=
30,15,OIIjXEWQvFSYlZKGuUCgi8UUUdQ=,Um8mRA/8U8bL889svcG62hmEwdM=
28,14,OIIjXEWQvFSYlZKGuUCgi8UUUdQ=,Um8mRA/8U8bL889svcG62hmEwdM=
31,15,OIIjXEWQvFSYlZKGuUCgi8UUUdQ=,Um8mRA/8U8bL889svcG62hmEwdM=
27,11,OIIjXEWQvFSYlZKGuUCgi8UUUdQ=,2rMvw6Gmqk8inmer+qG7sXz/QTo=
29,13,OIIjXEWQvFSYlZKGuUCgi8UUUdQ=,Um8mRA/8U8bL889svcG62hmEwdM=
26,14,OIIjXEWQvFSYlZKGuUCgi8UUUdQ=,7XzFL6iWeZc6vi/Xh2fWXGd1Grc=
