80,-34,QrHZldDYbilGDLh5tL9p3siHQWs=,v9B/htLZ83TmxQqrWCrTwymMmhA=
80,-35,QrHZldDYbilGDLh5tL9p3siHQWs=,v9B/htLZ83TmxQqrWCrTwymMmhA=
80,-42,QrHZldDYbilGDLh5tL9p3siHQWs=,tfcGZiUD0QTFsp/4sGGL2cwS9CE=
80,-43,QrHZldDYbilGDLh5tL9p3siHQWs=,tfcGZiUD0QTFsp/4sGGL2cwS9CE=
80,-40,QrHZldDYbilGDLh5tL9p3siHQWs=,c6v6Osi98tpobQpgYAdSdE5bNLQ=
80,-36,QrHZldDYbilGDLh5tL9p3siHQWs=,v9B/htLZ83TmxQqrWCrTwymMmhA=
80,-39,QrHZldDYbilGDLh5tL9p3siHQWs=,c6v6Osi98tpobQpgYAdSdE5bNLQ=
80,-38,QrHZldDYbilGDLh5tL9p3siHQWs=,c6v6Osi98tpobQpgYAdSdE5bNLQ=
80,-41,QrHZldDYbilGDLh5tL9p3siHQWs=,tfcGZiUD0QTFsp/4sGGL2cwS9CE=
80,-37,QrHZldDYbilGDLh5tL9p3siHQWs=,c6v6Osi98tpobQpgYAdSdE5bNLQ=
80,-45,QrHZldDYbilGDLh5tL9p3siHQWs=,1Ik8lGE8FKZxerIClmkRa+fnfos=
80,-47,QrHZldDYbilGDLh5tL9p3siHQWs=,1Ik8lGE8FKZxerIClmkRa+fnfos=
80,-46,QrHZldDYbilGDLh5tL9p3siHQWs=,1Ik8lGE8FKZxerIClmkRa+fnfos=
80,-44,QrHZldDYbilGDLh5tL9p3siHQWs=,tfcGZiUD0QTFsp/4sGGL2cwS9CE=
80,-48,QrHZldDYbilGDLh5tL9p3siHQWs=,1Ik8lGE8FKZxerIClmkRa+fnfos=
80,-33,QrHZldDYbilGDLh5tL9p3siHQWs=,v9B/htLZ83TmxQqrWCrTwymMmhA=
80,-54,QrHZldDYbilGDLh5tL9p3siHQWs=,1uROzFDqmKqYAFlc1OGwDCoZtpY=
80,-55,QrHZldDYbilGDLh5tL9p3siHQWs=,1uROzFDqmKqYAFlc1OGwDCoZtpY=
80,-59,QrHZldDYbilGDLh5tL9p3siHQWs=,505vjdLAH8cK7lq0HzcnLJXPyM4=
80,-52,QrHZldDYbilGDLh5tL9p3siHQWs=,3arhULUbbfayF4qw1lHoOTVGxUg=
80,-51,QrHZldDYbilGDLh5tL9p3siHQWs=,3arhULUbbfayF4qw1lHoOTVGxUg=
80,-50,QrHZldDYbilGDLh5tL9p3siHQWs=,3arhULUbbfayF4qw1lHoOTVGxUg=
80,-53,QrHZldDYbilGDLh5tL9p3siHQWs=,1uROzFDqmKqYAFlc1OGwDCoZtpY=
80,-49,QrHZldDYbilGDLh5tL9p3siHQWs=,3arhULUbbfayF4qw1lHoOTVGxUg=
80,-56,QrHZldDYbilGDLh5tL9p3siHQWs=,1uROzFDqmKqYAFlc1OGwDCoZtpY=
80,-57,QrHZldDYbilGDLh5tL9p3siHQWs=,505vjdLAH8cK7lq0HzcnLJXPyM4=
80,-58,QrHZldDYbilGDLh5tL9p3siHQWs=,505vjdLAH8cK7lq0HzcnLJXPyM4=
80,-60,QrHZldDYbilGDLh5tL9p3siHQWs=,505vjdLAH8cK7lq0HzcnLJXPyM4=
80,-64,QrHZldDYbilGDLh5tL9p3siHQWs=,QyTgxZZY9avhcOb5ysN4AWBpL/4=
80,-63,QrHZldDYbilGDLh5tL9p3siHQWs=,QyTgxZZY9avhcOb5ysN4AWBpL/4=
80,-61,QrHZldDYbilGDLh5tL9p3siHQWs=,QyTgxZZY9avhcOb5ysN4AWBpL/4=
80,-62,QrHZldDYbilGDLh5tL9p3siHQWs=,QyTgxZZY9avhcOb5ysN4AWBpL/4=
70,-59,UHTFJA/V++sX/y2JBIbA6BRmBDY=,4a2P9sBhIImfe8rJU8MvAjTh0H4=
69,-59,UHTFJA/V++sX/y2JBIbA6BRmBDY=,4a2P9sBhIImfe8rJU8MvAjTh0H4=
69,-58,UHTFJA/V++sX/y2JBIbA6BRmBDY=,4a2P9sBhIImfe8rJU8MvAjTh0H4=
65,-63,UHTFJA/V++sX/y2JBIbA6BRmBDY=,dQQW347/hpY3EzHgqT+kZhzaE2Q=
70,-58,UHTFJA/V++sX/y2JBIbA6BRmBDY=,4a2P9sBhIImfe8rJU8MvAjTh0H4=
65,-62,UHTFJA/V++sX/y2JBIbA6BRmBDY=,dQQW347/hpY3EzHgqT+kZhzaE2Q=
66,-62,UHTFJA/V++sX/y2JBIbA6BRmBDY=,dQQW347/hpY3EzHgqT+kZhzaE2Q=
66,-63,UHTFJA/V++sX/y2JBIbA6BRmBDY=,dQQW347/hpY3EzHgqT+kZhzaE2Q=
67,-58,UHTFJA/V++sX/y2JBIbA6BRmBDY=,B1GejNZoMaRJxuaB+Tnpx4nVDxg=
66,-59,UHTFJA/V++sX/y2JBIbA6BRmBDY=,B1GejNZoMaRJxuaB+Tnpx4nVDxg=
65,-59,UHTFJA/V++sX/y2JBIbA6BRmBDY=,B1GejNZoMaRJxuaB+Tnpx4nVDxg=
68,-58,UHTFJA/V++sX/y2JBIbA6BRmBDY=,4a2P9sBhIImfe8rJU8MvAjTh0H4=
65,-61,UHTFJA/V++sX/y2JBIbA6BRmBDY=,dQQW347/hpY3EzHgqT+kZhzaE2Q=
66,-61,UHTFJA/V++sX/y2JBIbA6BRmBDY=,dQQW347/hpY3EzHgqT+kZhzaE2Q=
65,-60,UHTFJA/V++sX/y2JBIbA6BRmBDY=,B1GejNZoMaRJxuaB+Tnpx4nVDxg=
66,-58,UHTFJA/V++sX/y2JBIbA6BRmBDY=,B1GejNZoMaRJxuaB+Tnpx4nVDxg=
66,-60,UHTFJA/V++sX/y2JBIbA6BRmBDY=,B1GejNZoMaRJxuaB+Tnpx4nVDxg=
67,-59,UHTFJA/V++sX/y2JBIbA6BRmBDY=,B1GejNZoMaRJxuaB+Tnpx4nVDxg=
65,-58,UHTFJA/V++sX/y2JBIbA6BRmBDY=,B1GejNZoMaRJxuaB+Tnpx4nVDxg=
68,-59,UHTFJA/V++sX/y2JBIbA6BRmBDY=,4a2P9sBhIImfe8rJU8MvAjTh0H4=
67,-60,UHTFJA/V++sX/y2JBIbA6BRmBDY=,B1GejNZoMaRJxuaB+Tnpx4nVDxg=
69,-62,UHTFJA/V++sX/y2JBIbA6BRmBDY=,AZ35dbfoVFvPQMLdqlwHdBY/Cmc=
68,-62,UHTFJA/V++sX/y2JBIbA6BRmBDY=,AZ35dbfoVFvPQMLdqlwHdBY/Cmc=
69,-60,UHTFJA/V++sX/y2JBIbA6BRmBDY=,4a2P9sBhIImfe8rJU8MvAjTh0H4=
70,-60,UHTFJA/V++sX/y2JBIbA6BRmBDY=,4a2P9sBhIImfe8rJU8MvAjTh0H4=
68,-63,UHTFJA/V++sX/y2JBIbA6BRmBDY=,AZ35dbfoVFvPQMLdqlwHdBY/Cmc=
67,-62,UHTFJA/V++sX/y2JBIbA6BRmBDY=,dQQW347/hpY3EzHgqT+kZhzaE2Q=
67,-61,UHTFJA/V++sX/y2JBIbA6BRmBDY=,dQQW347/hpY3EzHgqT+kZhzaE2Q=
68,-61,UHTFJA/V++sX/y2JBIbA6BRmBDY=,AZ35dbfoVFvPQMLdqlwHdBY/Cmc=
70,-62,UHTFJA/V++sX/y2JBIbA6BRmBDY=,AZ35dbfoVFvPQMLdqlwHdBY/Cmc=
67,-63,UHTFJA/V++sX/y2JBIbA6BRmBDY=,dQQW347/hpY3EzHgqT+kZhzaE2Q=
68,-60,UHTFJA/V++sX/y2JBIbA6BRmBDY=,4a2P9sBhIImfe8rJU8MvAjTh0H4=
69,-63,UHTFJA/V++sX/y2JBIbA6BRmBDY=,AZ35dbfoVFvPQMLdqlwHdBY/Cmc=
70,-61,UHTFJA/V++sX/y2JBIbA6BRmBDY=,AZ35dbfoVFvPQMLdqlwHdBY/Cmc=
70,-63,UHTFJA/V++sX/y2JBIbA6BRmBDY=,AZ35dbfoVFvPQMLdqlwHdBY/Cmc=
69,-61,UHTFJA/V++sX/y2JBIbA6BRmBDY=,AZ35dbfoVFvPQMLdqlwHdBY/Cmc=
70,-54,Sv3NtCKAbG0w3uz9wmr7PVtuekc=,7dAOlMfKJ4fm+vH6TBEiZYc4xos=
69,-56,Sv3NtCKAbG0w3uz9wmr7PVtuekc=,7dAOlMfKJ4fm+vH6TBEiZYc4xos=
69,-55,Sv3NtCKAbG0w3uz9wmr7PVtuekc=,7dAOlMfKJ4fm+vH6TBEiZYc4xos=
70,-57,Sv3NtCKAbG0w3uz9wmr7PVtuekc=,4a2P9sBhIImfe8rJU8MvAjTh0H4=
70,-56,Sv3NtCKAbG0w3uz9wmr7PVtuekc=,7dAOlMfKJ4fm+vH6TBEiZYc4xos=
70,-55,Sv3NtCKAbG0w3uz9wmr7PVtuekc=,7dAOlMfKJ4fm+vH6TBEiZYc4xos=
69,-57,Sv3NtCKAbG0w3uz9wmr7PVtuekc=,4a2P9sBhIImfe8rJU8MvAjTh0H4=
69,-54,Sv3NtCKAbG0w3uz9wmr7PVtuekc=,7dAOlMfKJ4fm+vH6TBEiZYc4xos=
70,-50,Sv3NtCKAbG0w3uz9wmr7PVtuekc=,roNNqHgc38Zak0ld9HjYYteO7nI=
70,-53,Sv3NtCKAbG0w3uz9wmr7PVtuekc=,7dAOlMfKJ4fm+vH6TBEiZYc4xos=
69,-51,Sv3NtCKAbG0w3uz9wmr7PVtuekc=,roNNqHgc38Zak0ld9HjYYteO7nI=
69,-50,Sv3NtCKAbG0w3uz9wmr7PVtuekc=,roNNqHgc38Zak0ld9HjYYteO7nI=
70,-52,Sv3NtCKAbG0w3uz9wmr7PVtuekc=,roNNqHgc38Zak0ld9HjYYteO7nI=
69,-53,Sv3NtCKAbG0w3uz9wmr7PVtuekc=,7dAOlMfKJ4fm+vH6TBEiZYc4xos=
70,-51,Sv3NtCKAbG0w3uz9wmr7PVtuekc=,roNNqHgc38Zak0ld9HjYYteO7nI=
69,-52,Sv3NtCKAbG0w3uz9wmr7PVtuekc=,roNNqHgc38Zak0ld9HjYYteO7nI=
67,-56,Sv3NtCKAbG0w3uz9wmr7PVtuekc=,w9uqhook5S6WuHQjlAJDxDXXhuY=
68,-54,Sv3NtCKAbG0w3uz9wmr7PVtuekc=,7dAOlMfKJ4fm+vH6TBEiZYc4xos=
67,-54,Sv3NtCKAbG0w3uz9wmr7PVtuekc=,w9uqhook5S6WuHQjlAJDxDXXhuY=
67,-57,Sv3NtCKAbG0w3uz9wmr7PVtuekc=,B1GejNZoMaRJxuaB+Tnpx4nVDxg=
66,-56,Sv3NtCKAbG0w3uz9wmr7PVtuekc=,w9uqhook5S6WuHQjlAJDxDXXhuY=
65,-56,Sv3NtCKAbG0w3uz9wmr7PVtuekc=,w9uqhook5S6WuHQjlAJDxDXXhuY=
65,-55,Sv3NtCKAbG0w3uz9wmr7PVtuekc=,w9uqhook5S6WuHQjlAJDxDXXhuY=
65,-54,Sv3NtCKAbG0w3uz9wmr7PVtuekc=,w9uqhook5S6WuHQjlAJDxDXXhuY=
66,-55,Sv3NtCKAbG0w3uz9wmr7PVtuekc=,w9uqhook5S6WuHQjlAJDxDXXhuY=
68,-57,Sv3NtCKAbG0w3uz9wmr7PVtuekc=,4a2P9sBhIImfe8rJU8MvAjTh0H4=
67,-55,Sv3NtCKAbG0w3uz9wmr7PVtuekc=,w9uqhook5S6WuHQjlAJDxDXXhuY=
68,-55,Sv3NtCKAbG0w3uz9wmr7PVtuekc=,7dAOlMfKJ4fm+vH6TBEiZYc4xos=
65,-57,Sv3NtCKAbG0w3uz9wmr7PVtuekc=,B1GejNZoMaRJxuaB+Tnpx4nVDxg=
68,-56,Sv3NtCKAbG0w3uz9wmr7PVtuekc=,7dAOlMfKJ4fm+vH6TBEiZYc4xos=
66,-54,Sv3NtCKAbG0w3uz9wmr7PVtuekc=,w9uqhook5S6WuHQjlAJDxDXXhuY=
66,-57,Sv3NtCKAbG0w3uz9wmr7PVtuekc=,B1GejNZoMaRJxuaB+Tnpx4nVDxg=
68,-53,Sv3NtCKAbG0w3uz9wmr7PVtuekc=,7dAOlMfKJ4fm+vH6TBEiZYc4xos=
65,-50,Sv3NtCKAbG0w3uz9wmr7PVtuekc=,pYOfWOajYEPs5fz+GpApoFRuh0M=
67,-51,KNAY3QFDdbHbv2ddnYyPYjg3qH4=,pYOfWOajYEPs5fz+GpApoFRuh0M=
67,-53,KNAY3QFDdbHbv2ddnYyPYjg3qH4=,w9uqhook5S6WuHQjlAJDxDXXhuY=
67,-50,KNAY3QFDdbHbv2ddnYyPYjg3qH4=,pYOfWOajYEPs5fz+GpApoFRuh0M=
68,-50,KNAY3QFDdbHbv2ddnYyPYjg3qH4=,roNNqHgc38Zak0ld9HjYYteO7nI=
68,-51,KNAY3QFDdbHbv2ddnYyPYjg3qH4=,roNNqHgc38Zak0ld9HjYYteO7nI=
65,-51,KNAY3QFDdbHbv2ddnYyPYjg3qH4=,pYOfWOajYEPs5fz+GpApoFRuh0M=
66,-51,KNAY3QFDdbHbv2ddnYyPYjg3qH4=,pYOfWOajYEPs5fz+GpApoFRuh0M=
65,-53,KNAY3QFDdbHbv2ddnYyPYjg3qH4=,w9uqhook5S6WuHQjlAJDxDXXhuY=
66,-50,KNAY3QFDdbHbv2ddnYyPYjg3qH4=,pYOfWOajYEPs5fz+GpApoFRuh0M=
66,-53,KNAY3QFDdbHbv2ddnYyPYjg3qH4=,w9uqhook5S6WuHQjlAJDxDXXhuY=
68,-52,KNAY3QFDdbHbv2ddnYyPYjg3qH4=,roNNqHgc38Zak0ld9HjYYteO7nI=
66,-52,KNAY3QFDdbHbv2ddnYyPYjg3qH4=,pYOfWOajYEPs5fz+GpApoFRuh0M=
67,-52,KNAY3QFDdbHbv2ddnYyPYjg3qH4=,pYOfWOajYEPs5fz+GpApoFRuh0M=
65,-52,KNAY3QFDdbHbv2ddnYyPYjg3qH4=,pYOfWOajYEPs5fz+GpApoFRuh0M=
72,-54,KNAY3QFDdbHbv2ddnYyPYjg3qH4=,5fy0cTTI9SUTOdX06y4m/PAtRV8=
73,-54,KNAY3QFDdbHbv2ddnYyPYjg3qH4=,5fy0cTTI9SUTOdX06y4m/PAtRV8=
71,-55,KNAY3QFDdbHbv2ddnYyPYjg3qH4=,7dAOlMfKJ4fm+vH6TBEiZYc4xos=
74,-55,KNAY3QFDdbHbv2ddnYyPYjg3qH4=,5fy0cTTI9SUTOdX06y4m/PAtRV8=
73,-55,KNAY3QFDdbHbv2ddnYyPYjg3qH4=,5fy0cTTI9SUTOdX06y4m/PAtRV8=
72,-55,KNAY3QFDdbHbv2ddnYyPYjg3qH4=,5fy0cTTI9SUTOdX06y4m/PAtRV8=
74,-54,KNAY3QFDdbHbv2ddnYyPYjg3qH4=,5fy0cTTI9SUTOdX06y4m/PAtRV8=
71,-54,KNAY3QFDdbHbv2ddnYyPYjg3qH4=,7dAOlMfKJ4fm+vH6TBEiZYc4xos=
74,-51,KNAY3QFDdbHbv2ddnYyPYjg3qH4=,0Wl3CmhxAmXTF/ZKM8FgC3AAhTc=
73,-52,KNAY3QFDdbHbv2ddnYyPYjg3qH4=,0Wl3CmhxAmXTF/ZKM8FgC3AAhTc=
71,-51,KNAY3QFDdbHbv2ddnYyPYjg3qH4=,roNNqHgc38Zak0ld9HjYYteO7nI=
74,-53,KNAY3QFDdbHbv2ddnYyPYjg3qH4=,5fy0cTTI9SUTOdX06y4m/PAtRV8=
72,-52,KNAY3QFDdbHbv2ddnYyPYjg3qH4=,0Wl3CmhxAmXTF/ZKM8FgC3AAhTc=
72,-50,KNAY3QFDdbHbv2ddnYyPYjg3qH4=,0Wl3CmhxAmXTF/ZKM8FgC3AAhTc=
74,-50,KNAY3QFDdbHbv2ddnYyPYjg3qH4=,0Wl3CmhxAmXTF/ZKM8FgC3AAhTc=
73,-51,KNAY3QFDdbHbv2ddnYyPYjg3qH4=,0Wl3CmhxAmXTF/ZKM8FgC3AAhTc=
74,-52,KNAY3QFDdbHbv2ddnYyPYjg3qH4=,0Wl3CmhxAmXTF/ZKM8FgC3AAhTc=
71,-52,KNAY3QFDdbHbv2ddnYyPYjg3qH4=,roNNqHgc38Zak0ld9HjYYteO7nI=
73,-50,KNAY3QFDdbHbv2ddnYyPYjg3qH4=,0Wl3CmhxAmXTF/ZKM8FgC3AAhTc=
72,-51,KNAY3QFDdbHbv2ddnYyPYjg3qH4=,0Wl3CmhxAmXTF/ZKM8FgC3AAhTc=
73,-53,KNAY3QFDdbHbv2ddnYyPYjg3qH4=,5fy0cTTI9SUTOdX06y4m/PAtRV8=
72,-53,KNAY3QFDdbHbv2ddnYyPYjg3qH4=,5fy0cTTI9SUTOdX06y4m/PAtRV8=
71,-50,KNAY3QFDdbHbv2ddnYyPYjg3qH4=,roNNqHgc38Zak0ld9HjYYteO7nI=
71,-53,KNAY3QFDdbHbv2ddnYyPYjg3qH4=,7dAOlMfKJ4fm+vH6TBEiZYc4xos=
78,-55,KNAY3QFDdbHbv2ddnYyPYjg3qH4=,FByl/lOJTSiU9k3AFD5C0K6D8LE=
77,-54,KNAY3QFDdbHbv2ddnYyPYjg3qH4=,FByl/lOJTSiU9k3AFD5C0K6D8LE=
75,-54,KNAY3QFDdbHbv2ddnYyPYjg3qH4=,5fy0cTTI9SUTOdX06y4m/PAtRV8=
76,-55,KNAY3QFDdbHbv2ddnYyPYjg3qH4=,FByl/lOJTSiU9k3AFD5C0K6D8LE=
75,-55,KNAY3QFDdbHbv2ddnYyPYjg3qH4=,5fy0cTTI9SUTOdX06y4m/PAtRV8=
78,-54,KNAY3QFDdbHbv2ddnYyPYjg3qH4=,FByl/lOJTSiU9k3AFD5C0K6D8LE=
76,-54,KNAY3QFDdbHbv2ddnYyPYjg3qH4=,FByl/lOJTSiU9k3AFD5C0K6D8LE=
77,-55,KNAY3QFDdbHbv2ddnYyPYjg3qH4=,FByl/lOJTSiU9k3AFD5C0K6D8LE=
78,-51,KNAY3QFDdbHbv2ddnYyPYjg3qH4=,x/7Adp9AnO09grwo8IvkQJQ2xWs=
75,-50,KNAY3QFDdbHbv2ddnYyPYjg3qH4=,0Wl3CmhxAmXTF/ZKM8FgC3AAhTc=
75,-51,KNAY3QFDdbHbv2ddnYyPYjg3qH4=,0Wl3CmhxAmXTF/ZKM8FgC3AAhTc=
76,-50,KNAY3QFDdbHbv2ddnYyPYjg3qH4=,x/7Adp9AnO09grwo8IvkQJQ2xWs=
76,-52,KNAY3QFDdbHbv2ddnYyPYjg3qH4=,x/7Adp9AnO09grwo8IvkQJQ2xWs=
78,-53,KNAY3QFDdbHbv2ddnYyPYjg3qH4=,FByl/lOJTSiU9k3AFD5C0K6D8LE=
75,-53,KNAY3QFDdbHbv2ddnYyPYjg3qH4=,5fy0cTTI9SUTOdX06y4m/PAtRV8=
75,-52,KNAY3QFDdbHbv2ddnYyPYjg3qH4=,0Wl3CmhxAmXTF/ZKM8FgC3AAhTc=
77,-53,KNAY3QFDdbHbv2ddnYyPYjg3qH4=,FByl/lOJTSiU9k3AFD5C0K6D8LE=
77,-52,KNAY3QFDdbHbv2ddnYyPYjg3qH4=,x/7Adp9AnO09grwo8IvkQJQ2xWs=
78,-50,KNAY3QFDdbHbv2ddnYyPYjg3qH4=,x/7Adp9AnO09grwo8IvkQJQ2xWs=
76,-53,KNAY3QFDdbHbv2ddnYyPYjg3qH4=,FByl/lOJTSiU9k3AFD5C0K6D8LE=
78,-52,KNAY3QFDdbHbv2ddnYyPYjg3qH4=,x/7Adp9AnO09grwo8IvkQJQ2xWs=
77,-51,KNAY3QFDdbHbv2ddnYyPYjg3qH4=,x/7Adp9AnO09grwo8IvkQJQ2xWs=
76,-51,KNAY3QFDdbHbv2ddnYyPYjg3qH4=,x/7Adp9AnO09grwo8IvkQJQ2xWs=
77,-50,KNAY3QFDdbHbv2ddnYyPYjg3qH4=,x/7Adp9AnO09grwo8IvkQJQ2xWs=
74,-57,yYTyD480HLg/2GA0FnXn14tlBew=,C6pMSBObXz8mBM02GcM4omgiVrI=
74,-58,yYTyD480HLg/2GA0FnXn14tlBew=,C6pMSBObXz8mBM02GcM4omgiVrI=
71,-56,yYTyD480HLg/2GA0FnXn14tlBew=,7dAOlMfKJ4fm+vH6TBEiZYc4xos=
71,-58,yYTyD480HLg/2GA0FnXn14tlBew=,4a2P9sBhIImfe8rJU8MvAjTh0H4=
74,-56,yYTyD480HLg/2GA0FnXn14tlBew=,5fy0cTTI9SUTOdX06y4m/PAtRV8=
72,-56,yYTyD480HLg/2GA0FnXn14tlBew=,5fy0cTTI9SUTOdX06y4m/PAtRV8=
72,-58,yYTyD480HLg/2GA0FnXn14tlBew=,C6pMSBObXz8mBM02GcM4omgiVrI=
73,-56,yYTyD480HLg/2GA0FnXn14tlBew=,5fy0cTTI9SUTOdX06y4m/PAtRV8=
72,-57,yYTyD480HLg/2GA0FnXn14tlBew=,C6pMSBObXz8mBM02GcM4omgiVrI=
73,-59,yYTyD480HLg/2GA0FnXn14tlBew=,C6pMSBObXz8mBM02GcM4omgiVrI=
71,-57,yYTyD480HLg/2GA0FnXn14tlBew=,4a2P9sBhIImfe8rJU8MvAjTh0H4=
74,-59,yYTyD480HLg/2GA0FnXn14tlBew=,C6pMSBObXz8mBM02GcM4omgiVrI=
72,-59,yYTyD480HLg/2GA0FnXn14tlBew=,C6pMSBObXz8mBM02GcM4omgiVrI=
71,-59,yYTyD480HLg/2GA0FnXn14tlBew=,4a2P9sBhIImfe8rJU8MvAjTh0H4=
73,-58,yYTyD480HLg/2GA0FnXn14tlBew=,C6pMSBObXz8mBM02GcM4omgiVrI=
73,-57,yYTyD480HLg/2GA0FnXn14tlBew=,C6pMSBObXz8mBM02GcM4omgiVrI=
77,-59,yYTyD480HLg/2GA0FnXn14tlBew=,jDQOVQceNn6rZNLebnERoMkT0sE=
75,-57,yYTyD480HLg/2GA0FnXn14tlBew=,C6pMSBObXz8mBM02GcM4omgiVrI=
76,-58,yYTyD480HLg/2GA0FnXn14tlBew=,jDQOVQceNn6rZNLebnERoMkT0sE=
75,-58,yYTyD480HLg/2GA0FnXn14tlBew=,C6pMSBObXz8mBM02GcM4omgiVrI=
78,-59,yYTyD480HLg/2GA0FnXn14tlBew=,jDQOVQceNn6rZNLebnERoMkT0sE=
77,-58,yYTyD480HLg/2GA0FnXn14tlBew=,jDQOVQceNn6rZNLebnERoMkT0sE=
76,-59,yYTyD480HLg/2GA0FnXn14tlBew=,jDQOVQceNn6rZNLebnERoMkT0sE=
78,-58,yYTyD480HLg/2GA0FnXn14tlBew=,jDQOVQceNn6rZNLebnERoMkT0sE=
76,-57,yYTyD480HLg/2GA0FnXn14tlBew=,jDQOVQceNn6rZNLebnERoMkT0sE=
78,-57,yYTyD480HLg/2GA0FnXn14tlBew=,jDQOVQceNn6rZNLebnERoMkT0sE=
75,-56,yYTyD480HLg/2GA0FnXn14tlBew=,5fy0cTTI9SUTOdX06y4m/PAtRV8=
79,-58,yYTyD480HLg/2GA0FnXn14tlBew=,jDQOVQceNn6rZNLebnERoMkT0sE=
78,-56,yYTyD480HLg/2GA0FnXn14tlBew=,FByl/lOJTSiU9k3AFD5C0K6D8LE=
79,-59,yYTyD480HLg/2GA0FnXn14tlBew=,jDQOVQceNn6rZNLebnERoMkT0sE=
77,-56,yYTyD480HLg/2GA0FnXn14tlBew=,FByl/lOJTSiU9k3AFD5C0K6D8LE=
70,-64,yYTyD480HLg/2GA0FnXn14tlBew=,AZ35dbfoVFvPQMLdqlwHdBY/Cmc=
76,-56,yYTyD480HLg/2GA0FnXn14tlBew=,FByl/lOJTSiU9k3AFD5C0K6D8LE=
69,-64,yYTyD480HLg/2GA0FnXn14tlBew=,AZ35dbfoVFvPQMLdqlwHdBY/Cmc=
75,-59,yYTyD480HLg/2GA0FnXn14tlBew=,C6pMSBObXz8mBM02GcM4omgiVrI=
77,-57,yYTyD480HLg/2GA0FnXn14tlBew=,jDQOVQceNn6rZNLebnERoMkT0sE=
64,-62,yYTyD480HLg/2GA0FnXn14tlBew=,dQQW347/hpY3EzHgqT+kZhzaE2Q=
64,-63,yYTyD480HLg/2GA0FnXn14tlBew=,dQQW347/hpY3EzHgqT+kZhzaE2Q=
66,-64,yYTyD480HLg/2GA0FnXn14tlBew=,dQQW347/hpY3EzHgqT+kZhzaE2Q=
65,-64,yYTyD480HLg/2GA0FnXn14tlBew=,dQQW347/hpY3EzHgqT+kZhzaE2Q=
68,-64,yYTyD480HLg/2GA0FnXn14tlBew=,AZ35dbfoVFvPQMLdqlwHdBY/Cmc=
67,-64,yYTyD480HLg/2GA0FnXn14tlBew=,dQQW347/hpY3EzHgqT+kZhzaE2Q=
79,-64,yYTyD480HLg/2GA0FnXn14tlBew=,BH3BKjMakB5QnUH2jAhkvAiQuWg=
78,-64,yYTyD480HLg/2GA0FnXn14tlBew=,BH3BKjMakB5QnUH2jAhkvAiQuWg=
79,-61,yYTyD480HLg/2GA0FnXn14tlBew=,BH3BKjMakB5QnUH2jAhkvAiQuWg=
78,-63,yYTyD480HLg/2GA0FnXn14tlBew=,BH3BKjMakB5QnUH2jAhkvAiQuWg=
77,-62,yYTyD480HLg/2GA0FnXn14tlBew=,BH3BKjMakB5QnUH2jAhkvAiQuWg=
79,-60,yYTyD480HLg/2GA0FnXn14tlBew=,jDQOVQceNn6rZNLebnERoMkT0sE=
79,-63,yYTyD480HLg/2GA0FnXn14tlBew=,BH3BKjMakB5QnUH2jAhkvAiQuWg=
78,-60,yYTyD480HLg/2GA0FnXn14tlBew=,jDQOVQceNn6rZNLebnERoMkT0sE=
77,-64,yYTyD480HLg/2GA0FnXn14tlBew=,BH3BKjMakB5QnUH2jAhkvAiQuWg=
77,-63,yYTyD480HLg/2GA0FnXn14tlBew=,BH3BKjMakB5QnUH2jAhkvAiQuWg=
77,-60,yYTyD480HLg/2GA0FnXn14tlBew=,jDQOVQceNn6rZNLebnERoMkT0sE=
78,-61,yYTyD480HLg/2GA0FnXn14tlBew=,BH3BKjMakB5QnUH2jAhkvAiQuWg=
78,-62,yYTyD480HLg/2GA0FnXn14tlBew=,BH3BKjMakB5QnUH2jAhkvAiQuWg=
79,-62,yYTyD480HLg/2GA0FnXn14tlBew=,BH3BKjMakB5QnUH2jAhkvAiQuWg=
77,-61,yYTyD480HLg/2GA0FnXn14tlBew=,BH3BKjMakB5QnUH2jAhkvAiQuWg=
74,-62,yYTyD480HLg/2GA0FnXn14tlBew=,TnOBBoG64Atf5WS/ZlRN0N6b6BI=
72,-62,yYTyD480HLg/2GA0FnXn14tlBew=,TnOBBoG64Atf5WS/ZlRN0N6b6BI=
75,-63,yYTyD480HLg/2GA0FnXn14tlBew=,TnOBBoG64Atf5WS/ZlRN0N6b6BI=
72,-63,yYTyD480HLg/2GA0FnXn14tlBew=,TnOBBoG64Atf5WS/ZlRN0N6b6BI=
74,-63,yYTyD480HLg/2GA0FnXn14tlBew=,TnOBBoG64Atf5WS/ZlRN0N6b6BI=
73,-63,yYTyD480HLg/2GA0FnXn14tlBew=,TnOBBoG64Atf5WS/ZlRN0N6b6BI=
75,-64,yYTyD480HLg/2GA0FnXn14tlBew=,TnOBBoG64Atf5WS/ZlRN0N6b6BI=
73,-62,yYTyD480HLg/2GA0FnXn14tlBew=,TnOBBoG64Atf5WS/ZlRN0N6b6BI=
75,-62,yYTyD480HLg/2GA0FnXn14tlBew=,TnOBBoG64Atf5WS/ZlRN0N6b6BI=
73,-61,yYTyD480HLg/2GA0FnXn14tlBew=,TnOBBoG64Atf5WS/ZlRN0N6b6BI=
71,-63,yYTyD480HLg/2GA0FnXn14tlBew=,AZ35dbfoVFvPQMLdqlwHdBY/Cmc=
72,-61,yYTyD480HLg/2GA0FnXn14tlBew=,TnOBBoG64Atf5WS/ZlRN0N6b6BI=
73,-60,yYTyD480HLg/2GA0FnXn14tlBew=,C6pMSBObXz8mBM02GcM4omgiVrI=
71,-61,yYTyD480HLg/2GA0FnXn14tlBew=,AZ35dbfoVFvPQMLdqlwHdBY/Cmc=
71,-62,yYTyD480HLg/2GA0FnXn14tlBew=,AZ35dbfoVFvPQMLdqlwHdBY/Cmc=
76,-62,yYTyD480HLg/2GA0FnXn14tlBew=,BH3BKjMakB5QnUH2jAhkvAiQuWg=
76,-64,yYTyD480HLg/2GA0FnXn14tlBew=,BH3BKjMakB5QnUH2jAhkvAiQuWg=
75,-61,yYTyD480HLg/2GA0FnXn14tlBew=,TnOBBoG64Atf5WS/ZlRN0N6b6BI=
74,-64,yYTyD480HLg/2GA0FnXn14tlBew=,TnOBBoG64Atf5WS/ZlRN0N6b6BI=
75,-60,yYTyD480HLg/2GA0FnXn14tlBew=,C6pMSBObXz8mBM02GcM4omgiVrI=
74,-61,yYTyD480HLg/2GA0FnXn14tlBew=,TnOBBoG64Atf5WS/ZlRN0N6b6BI=
71,-64,yYTyD480HLg/2GA0FnXn14tlBew=,AZ35dbfoVFvPQMLdqlwHdBY/Cmc=
72,-60,yYTyD480HLg/2GA0FnXn14tlBew=,C6pMSBObXz8mBM02GcM4omgiVrI=
73,-64,yYTyD480HLg/2GA0FnXn14tlBew=,TnOBBoG64Atf5WS/ZlRN0N6b6BI=
72,-64,yYTyD480HLg/2GA0FnXn14tlBew=,TnOBBoG64Atf5WS/ZlRN0N6b6BI=
76,-61,yYTyD480HLg/2GA0FnXn14tlBew=,BH3BKjMakB5QnUH2jAhkvAiQuWg=
76,-60,yYTyD480HLg/2GA0FnXn14tlBew=,jDQOVQceNn6rZNLebnERoMkT0sE=
71,-60,yYTyD480HLg/2GA0FnXn14tlBew=,4a2P9sBhIImfe8rJU8MvAjTh0H4=
74,-60,yYTyD480HLg/2GA0FnXn14tlBew=,C6pMSBObXz8mBM02GcM4omgiVrI=
76,-63,yYTyD480HLg/2GA0FnXn14tlBew=,BH3BKjMakB5QnUH2jAhkvAiQuWg=
64,-60,yYTyD480HLg/2GA0FnXn14tlBew=,B1GejNZoMaRJxuaB+Tnpx4nVDxg=
64,-57,yYTyD480HLg/2GA0FnXn14tlBew=,B1GejNZoMaRJxuaB+Tnpx4nVDxg=
64,-61,yYTyD480HLg/2GA0FnXn14tlBew=,dQQW347/hpY3EzHgqT+kZhzaE2Q=
64,-58,yYTyD480HLg/2GA0FnXn14tlBew=,B1GejNZoMaRJxuaB+Tnpx4nVDxg=
64,-59,yYTyD480HLg/2GA0FnXn14tlBew=,B1GejNZoMaRJxuaB+Tnpx4nVDxg=
64,-54,yYTyD480HLg/2GA0FnXn14tlBew=,w9uqhook5S6WuHQjlAJDxDXXhuY=
64,-55,yYTyD480HLg/2GA0FnXn14tlBew=,w9uqhook5S6WuHQjlAJDxDXXhuY=
64,-56,yYTyD480HLg/2GA0FnXn14tlBew=,w9uqhook5S6WuHQjlAJDxDXXhuY=
66,-49,yYTyD480HLg/2GA0FnXn14tlBew=,pYOfWOajYEPs5fz+GpApoFRuh0M=
72,-49,yYTyD480HLg/2GA0FnXn14tlBew=,0Wl3CmhxAmXTF/ZKM8FgC3AAhTc=
65,-49,yYTyD480HLg/2GA0FnXn14tlBew=,pYOfWOajYEPs5fz+GpApoFRuh0M=
68,-49,yYTyD480HLg/2GA0FnXn14tlBew=,roNNqHgc38Zak0ld9HjYYteO7nI=
73,-49,yYTyD480HLg/2GA0FnXn14tlBew=,0Wl3CmhxAmXTF/ZKM8FgC3AAhTc=
74,-49,yYTyD480HLg/2GA0FnXn14tlBew=,0Wl3CmhxAmXTF/ZKM8FgC3AAhTc=
71,-49,yYTyD480HLg/2GA0FnXn14tlBew=,roNNqHgc38Zak0ld9HjYYteO7nI=
70,-49,yYTyD480HLg/2GA0FnXn14tlBew=,roNNqHgc38Zak0ld9HjYYteO7nI=
64,-50,yYTyD480HLg/2GA0FnXn14tlBew=,pYOfWOajYEPs5fz+GpApoFRuh0M=
69,-49,yYTyD480HLg/2GA0FnXn14tlBew=,roNNqHgc38Zak0ld9HjYYteO7nI=
64,-53,yYTyD480HLg/2GA0FnXn14tlBew=,w9uqhook5S6WuHQjlAJDxDXXhuY=
64,-52,yYTyD480HLg/2GA0FnXn14tlBew=,pYOfWOajYEPs5fz+GpApoFRuh0M=
67,-49,yYTyD480HLg/2GA0FnXn14tlBew=,pYOfWOajYEPs5fz+GpApoFRuh0M=
64,-51,yYTyD480HLg/2GA0FnXn14tlBew=,pYOfWOajYEPs5fz+GpApoFRuh0M=
79,-51,yYTyD480HLg/2GA0FnXn14tlBew=,x/7Adp9AnO09grwo8IvkQJQ2xWs=
79,-53,yYTyD480HLg/2GA0FnXn14tlBew=,FByl/lOJTSiU9k3AFD5C0K6D8LE=
79,-56,yYTyD480HLg/2GA0FnXn14tlBew=,FByl/lOJTSiU9k3AFD5C0K6D8LE=
79,-57,yYTyD480HLg/2GA0FnXn14tlBew=,jDQOVQceNn6rZNLebnERoMkT0sE=
78,-49,yYTyD480HLg/2GA0FnXn14tlBew=,x/7Adp9AnO09grwo8IvkQJQ2xWs=
64,-49,yYTyD480HLg/2GA0FnXn14tlBew=,pYOfWOajYEPs5fz+GpApoFRuh0M=
79,-54,yYTyD480HLg/2GA0FnXn14tlBew=,FByl/lOJTSiU9k3AFD5C0K6D8LE=
79,-52,yYTyD480HLg/2GA0FnXn14tlBew=,x/7Adp9AnO09grwo8IvkQJQ2xWs=
79,-50,yYTyD480HLg/2GA0FnXn14tlBew=,x/7Adp9AnO09grwo8IvkQJQ2xWs=
79,-49,yYTyD480HLg/2GA0FnXn14tlBew=,x/7Adp9AnO09grwo8IvkQJQ2xWs=
79,-55,yYTyD480HLg/2GA0FnXn14tlBew=,FByl/lOJTSiU9k3AFD5C0K6D8LE=
75,-49,yYTyD480HLg/2GA0FnXn14tlBew=,0Wl3CmhxAmXTF/ZKM8FgC3AAhTc=
77,-49,yYTyD480HLg/2GA0FnXn14tlBew=,x/7Adp9AnO09grwo8IvkQJQ2xWs=
76,-49,yYTyD480HLg/2GA0FnXn14tlBew=,x/7Adp9AnO09grwo8IvkQJQ2xWs=
64,-64,yYTyD480HLg/2GA0FnXn14tlBew=,dQQW347/hpY3EzHgqT+kZhzaE2Q=
69,-38,3jNR4PYW4yrFZyoEO0eTXEunQ3M=,gQlWsiVCdA1M47gta9y38R5MUcc=
70,-34,3jNR4PYW4yrFZyoEO0eTXEunQ3M=,pI38YjL6uuQTSB56f6nPzOiZzSk=
70,-36,3jNR4PYW4yrFZyoEO0eTXEunQ3M=,pI38YjL6uuQTSB56f6nPzOiZzSk=
70,-39,3jNR4PYW4yrFZyoEO0eTXEunQ3M=,gQlWsiVCdA1M47gta9y38R5MUcc=
69,-34,3jNR4PYW4yrFZyoEO0eTXEunQ3M=,pI38YjL6uuQTSB56f6nPzOiZzSk=
70,-35,3jNR4PYW4yrFZyoEO0eTXEunQ3M=,pI38YjL6uuQTSB56f6nPzOiZzSk=
70,-38,3jNR4PYW4yrFZyoEO0eTXEunQ3M=,gQlWsiVCdA1M47gta9y38R5MUcc=
69,-36,3jNR4PYW4yrFZyoEO0eTXEunQ3M=,pI38YjL6uuQTSB56f6nPzOiZzSk=
70,-37,3jNR4PYW4yrFZyoEO0eTXEunQ3M=,gQlWsiVCdA1M47gta9y38R5MUcc=
69,-35,3jNR4PYW4yrFZyoEO0eTXEunQ3M=,pI38YjL6uuQTSB56f6nPzOiZzSk=
69,-37,3jNR4PYW4yrFZyoEO0eTXEunQ3M=,gQlWsiVCdA1M47gta9y38R5MUcc=
69,-39,3jNR4PYW4yrFZyoEO0eTXEunQ3M=,gQlWsiVCdA1M47gta9y38R5MUcc=
66,-38,3jNR4PYW4yrFZyoEO0eTXEunQ3M=,f03v20FG3UacgCabXCRaAkZ80qw=
68,-38,3jNR4PYW4yrFZyoEO0eTXEunQ3M=,gQlWsiVCdA1M47gta9y38R5MUcc=
67,-39,3jNR4PYW4yrFZyoEO0eTXEunQ3M=,f03v20FG3UacgCabXCRaAkZ80qw=
66,-39,3jNR4PYW4yrFZyoEO0eTXEunQ3M=,f03v20FG3UacgCabXCRaAkZ80qw=
65,-38,3jNR4PYW4yrFZyoEO0eTXEunQ3M=,f03v20FG3UacgCabXCRaAkZ80qw=
68,-39,3jNR4PYW4yrFZyoEO0eTXEunQ3M=,gQlWsiVCdA1M47gta9y38R5MUcc=
65,-39,3jNR4PYW4yrFZyoEO0eTXEunQ3M=,f03v20FG3UacgCabXCRaAkZ80qw=
74,-38,3jNR4PYW4yrFZyoEO0eTXEunQ3M=,zlJxpvhajR0MdZp5w0C08k6D1sw=
73,-38,3jNR4PYW4yrFZyoEO0eTXEunQ3M=,zlJxpvhajR0MdZp5w0C08k6D1sw=
72,-38,3jNR4PYW4yrFZyoEO0eTXEunQ3M=,zlJxpvhajR0MdZp5w0C08k6D1sw=
73,-39,3jNR4PYW4yrFZyoEO0eTXEunQ3M=,zlJxpvhajR0MdZp5w0C08k6D1sw=
74,-39,3jNR4PYW4yrFZyoEO0eTXEunQ3M=,zlJxpvhajR0MdZp5w0C08k6D1sw=
71,-39,3jNR4PYW4yrFZyoEO0eTXEunQ3M=,gQlWsiVCdA1M47gta9y38R5MUcc=
72,-39,3jNR4PYW4yrFZyoEO0eTXEunQ3M=,zlJxpvhajR0MdZp5w0C08k6D1sw=
67,-38,3jNR4PYW4yrFZyoEO0eTXEunQ3M=,f03v20FG3UacgCabXCRaAkZ80qw=
71,-38,3jNR4PYW4yrFZyoEO0eTXEunQ3M=,gQlWsiVCdA1M47gta9y38R5MUcc=
71,-34,hx5h/Oi0LcUM14W16lT9vC5Zvrc=,pI38YjL6uuQTSB56f6nPzOiZzSk=
72,-35,hx5h/Oi0LcUM14W16lT9vC5Zvrc=,XowcE23rsHjqHOvn4SMMZckDZR0=
74,-37,hx5h/Oi0LcUM14W16lT9vC5Zvrc=,zlJxpvhajR0MdZp5w0C08k6D1sw=
73,-37,hx5h/Oi0LcUM14W16lT9vC5Zvrc=,zlJxpvhajR0MdZp5w0C08k6D1sw=
73,-35,hx5h/Oi0LcUM14W16lT9vC5Zvrc=,XowcE23rsHjqHOvn4SMMZckDZR0=
72,-34,hx5h/Oi0LcUM14W16lT9vC5Zvrc=,XowcE23rsHjqHOvn4SMMZckDZR0=
74,-36,hx5h/Oi0LcUM14W16lT9vC5Zvrc=,XowcE23rsHjqHOvn4SMMZckDZR0=
73,-36,hx5h/Oi0LcUM14W16lT9vC5Zvrc=,XowcE23rsHjqHOvn4SMMZckDZR0=
72,-37,hx5h/Oi0LcUM14W16lT9vC5Zvrc=,zlJxpvhajR0MdZp5w0C08k6D1sw=
73,-34,hx5h/Oi0LcUM14W16lT9vC5Zvrc=,XowcE23rsHjqHOvn4SMMZckDZR0=
71,-35,hx5h/Oi0LcUM14W16lT9vC5Zvrc=,pI38YjL6uuQTSB56f6nPzOiZzSk=
71,-36,hx5h/Oi0LcUM14W16lT9vC5Zvrc=,pI38YjL6uuQTSB56f6nPzOiZzSk=
74,-35,hx5h/Oi0LcUM14W16lT9vC5Zvrc=,XowcE23rsHjqHOvn4SMMZckDZR0=
72,-36,hx5h/Oi0LcUM14W16lT9vC5Zvrc=,XowcE23rsHjqHOvn4SMMZckDZR0=
71,-37,hx5h/Oi0LcUM14W16lT9vC5Zvrc=,gQlWsiVCdA1M47gta9y38R5MUcc=
76,-38,hx5h/Oi0LcUM14W16lT9vC5Zvrc=,tka3oMQveF3kHD6KAG3EitK5Rlc=
77,-39,hx5h/Oi0LcUM14W16lT9vC5Zvrc=,tka3oMQveF3kHD6KAG3EitK5Rlc=
78,-38,hx5h/Oi0LcUM14W16lT9vC5Zvrc=,tka3oMQveF3kHD6KAG3EitK5Rlc=
76,-39,hx5h/Oi0LcUM14W16lT9vC5Zvrc=,tka3oMQveF3kHD6KAG3EitK5Rlc=
75,-38,hx5h/Oi0LcUM14W16lT9vC5Zvrc=,zlJxpvhajR0MdZp5w0C08k6D1sw=
74,-34,hx5h/Oi0LcUM14W16lT9vC5Zvrc=,XowcE23rsHjqHOvn4SMMZckDZR0=
77,-38,hx5h/Oi0LcUM14W16lT9vC5Zvrc=,tka3oMQveF3kHD6KAG3EitK5Rlc=
75,-39,hx5h/Oi0LcUM14W16lT9vC5Zvrc=,zlJxpvhajR0MdZp5w0C08k6D1sw=
78,-39,hx5h/Oi0LcUM14W16lT9vC5Zvrc=,tka3oMQveF3kHD6KAG3EitK5Rlc=
78,-43,hx5h/Oi0LcUM14W16lT9vC5Zvrc=,YjtoeKzDbHmOG+8yyfS1tuXiK7M=
78,-42,hx5h/Oi0LcUM14W16lT9vC5Zvrc=,YjtoeKzDbHmOG+8yyfS1tuXiK7M=
78,-40,hx5h/Oi0LcUM14W16lT9vC5Zvrc=,tka3oMQveF3kHD6KAG3EitK5Rlc=
75,-34,hx5h/Oi0LcUM14W16lT9vC5Zvrc=,XowcE23rsHjqHOvn4SMMZckDZR0=
78,-41,hx5h/Oi0LcUM14W16lT9vC5Zvrc=,YjtoeKzDbHmOG+8yyfS1tuXiK7M=
77,-43,hx5h/Oi0LcUM14W16lT9vC5Zvrc=,YjtoeKzDbHmOG+8yyfS1tuXiK7M=
77,-34,hx5h/Oi0LcUM14W16lT9vC5Zvrc=,k5Icl6guYsschS2TvGp5WFB33cY=
77,-42,hx5h/Oi0LcUM14W16lT9vC5Zvrc=,YjtoeKzDbHmOG+8yyfS1tuXiK7M=
77,-36,hx5h/Oi0LcUM14W16lT9vC5Zvrc=,k5Icl6guYsschS2TvGp5WFB33cY=
77,-37,hx5h/Oi0LcUM14W16lT9vC5Zvrc=,tka3oMQveF3kHD6KAG3EitK5Rlc=
77,-35,hx5h/Oi0LcUM14W16lT9vC5Zvrc=,k5Icl6guYsschS2TvGp5WFB33cY=
76,-36,hx5h/Oi0LcUM14W16lT9vC5Zvrc=,k5Icl6guYsschS2TvGp5WFB33cY=
77,-41,hx5h/Oi0LcUM14W16lT9vC5Zvrc=,YjtoeKzDbHmOG+8yyfS1tuXiK7M=
78,-37,hx5h/Oi0LcUM14W16lT9vC5Zvrc=,tka3oMQveF3kHD6KAG3EitK5Rlc=
76,-34,hx5h/Oi0LcUM14W16lT9vC5Zvrc=,k5Icl6guYsschS2TvGp5WFB33cY=
75,-37,hx5h/Oi0LcUM14W16lT9vC5Zvrc=,zlJxpvhajR0MdZp5w0C08k6D1sw=
77,-40,hx5h/Oi0LcUM14W16lT9vC5Zvrc=,tka3oMQveF3kHD6KAG3EitK5Rlc=
75,-35,hx5h/Oi0LcUM14W16lT9vC5Zvrc=,XowcE23rsHjqHOvn4SMMZckDZR0=
76,-37,hx5h/Oi0LcUM14W16lT9vC5Zvrc=,tka3oMQveF3kHD6KAG3EitK5Rlc=
76,-35,hx5h/Oi0LcUM14W16lT9vC5Zvrc=,k5Icl6guYsschS2TvGp5WFB33cY=
78,-36,hx5h/Oi0LcUM14W16lT9vC5Zvrc=,k5Icl6guYsschS2TvGp5WFB33cY=
78,-35,hx5h/Oi0LcUM14W16lT9vC5Zvrc=,k5Icl6guYsschS2TvGp5WFB33cY=
75,-36,hx5h/Oi0LcUM14W16lT9vC5Zvrc=,XowcE23rsHjqHOvn4SMMZckDZR0=
78,-34,hx5h/Oi0LcUM14W16lT9vC5Zvrc=,k5Icl6guYsschS2TvGp5WFB33cY=
75,-42,YF5JgX2+SqrjyWVwYHfhWfYbf+w=,49Zc4PJSt11/JhyqJx+89+vD9M4=
75,-41,YF5JgX2+SqrjyWVwYHfhWfYbf+w=,49Zc4PJSt11/JhyqJx+89+vD9M4=
74,-41,YF5JgX2+SqrjyWVwYHfhWfYbf+w=,49Zc4PJSt11/JhyqJx+89+vD9M4=
73,-43,YF5JgX2+SqrjyWVwYHfhWfYbf+w=,49Zc4PJSt11/JhyqJx+89+vD9M4=
76,-40,YF5JgX2+SqrjyWVwYHfhWfYbf+w=,tka3oMQveF3kHD6KAG3EitK5Rlc=
73,-41,YF5JgX2+SqrjyWVwYHfhWfYbf+w=,49Zc4PJSt11/JhyqJx+89+vD9M4=
74,-42,YF5JgX2+SqrjyWVwYHfhWfYbf+w=,49Zc4PJSt11/JhyqJx+89+vD9M4=
76,-41,YF5JgX2+SqrjyWVwYHfhWfYbf+w=,YjtoeKzDbHmOG+8yyfS1tuXiK7M=
73,-40,YF5JgX2+SqrjyWVwYHfhWfYbf+w=,zlJxpvhajR0MdZp5w0C08k6D1sw=
73,-42,YF5JgX2+SqrjyWVwYHfhWfYbf+w=,49Zc4PJSt11/JhyqJx+89+vD9M4=
75,-43,YF5JgX2+SqrjyWVwYHfhWfYbf+w=,49Zc4PJSt11/JhyqJx+89+vD9M4=
74,-40,YF5JgX2+SqrjyWVwYHfhWfYbf+w=,zlJxpvhajR0MdZp5w0C08k6D1sw=
76,-43,YF5JgX2+SqrjyWVwYHfhWfYbf+w=,YjtoeKzDbHmOG+8yyfS1tuXiK7M=
74,-43,YF5JgX2+SqrjyWVwYHfhWfYbf+w=,49Zc4PJSt11/JhyqJx+89+vD9M4=
76,-42,YF5JgX2+SqrjyWVwYHfhWfYbf+w=,YjtoeKzDbHmOG+8yyfS1tuXiK7M=
69,-40,YF5JgX2+SqrjyWVwYHfhWfYbf+w=,gQlWsiVCdA1M47gta9y38R5MUcc=
71,-43,YF5JgX2+SqrjyWVwYHfhWfYbf+w=,WW9mQoYpKmoJ+9zjVkmOeJZ7zB8=
70,-43,YF5JgX2+SqrjyWVwYHfhWfYbf+w=,WW9mQoYpKmoJ+9zjVkmOeJZ7zB8=
69,-43,YF5JgX2+SqrjyWVwYHfhWfYbf+w=,WW9mQoYpKmoJ+9zjVkmOeJZ7zB8=
72,-40,YF5JgX2+SqrjyWVwYHfhWfYbf+w=,zlJxpvhajR0MdZp5w0C08k6D1sw=
71,-41,YF5JgX2+SqrjyWVwYHfhWfYbf+w=,WW9mQoYpKmoJ+9zjVkmOeJZ7zB8=
69,-41,YF5JgX2+SqrjyWVwYHfhWfYbf+w=,WW9mQoYpKmoJ+9zjVkmOeJZ7zB8=
72,-43,YF5JgX2+SqrjyWVwYHfhWfYbf+w=,49Zc4PJSt11/JhyqJx+89+vD9M4=
70,-41,YF5JgX2+SqrjyWVwYHfhWfYbf+w=,WW9mQoYpKmoJ+9zjVkmOeJZ7zB8=
71,-42,YF5JgX2+SqrjyWVwYHfhWfYbf+w=,WW9mQoYpKmoJ+9zjVkmOeJZ7zB8=
72,-41,YF5JgX2+SqrjyWVwYHfhWfYbf+w=,49Zc4PJSt11/JhyqJx+89+vD9M4=
69,-42,YF5JgX2+SqrjyWVwYHfhWfYbf+w=,WW9mQoYpKmoJ+9zjVkmOeJZ7zB8=
70,-40,YF5JgX2+SqrjyWVwYHfhWfYbf+w=,gQlWsiVCdA1M47gta9y38R5MUcc=
75,-40,YF5JgX2+SqrjyWVwYHfhWfYbf+w=,zlJxpvhajR0MdZp5w0C08k6D1sw=
72,-42,YF5JgX2+SqrjyWVwYHfhWfYbf+w=,49Zc4PJSt11/JhyqJx+89+vD9M4=
70,-42,YF5JgX2+SqrjyWVwYHfhWfYbf+w=,WW9mQoYpKmoJ+9zjVkmOeJZ7zB8=
71,-40,YF5JgX2+SqrjyWVwYHfhWfYbf+w=,gQlWsiVCdA1M47gta9y38R5MUcc=
69,-45,YF5JgX2+SqrjyWVwYHfhWfYbf+w=,OKYT12hvBqxyHqagbE2jF/o8Xc0=
70,-44,YF5JgX2+SqrjyWVwYHfhWfYbf+w=,WW9mQoYpKmoJ+9zjVkmOeJZ7zB8=
70,-45,YF5JgX2+SqrjyWVwYHfhWfYbf+w=,OKYT12hvBqxyHqagbE2jF/o8Xc0=
69,-46,YF5JgX2+SqrjyWVwYHfhWfYbf+w=,OKYT12hvBqxyHqagbE2jF/o8Xc0=
69,-47,YF5JgX2+SqrjyWVwYHfhWfYbf+w=,OKYT12hvBqxyHqagbE2jF/o8Xc0=
70,-47,YF5JgX2+SqrjyWVwYHfhWfYbf+w=,OKYT12hvBqxyHqagbE2jF/o8Xc0=
69,-44,YF5JgX2+SqrjyWVwYHfhWfYbf+w=,WW9mQoYpKmoJ+9zjVkmOeJZ7zB8=
70,-46,YF5JgX2+SqrjyWVwYHfhWfYbf+w=,OKYT12hvBqxyHqagbE2jF/o8Xc0=
66,-43,e9aYijHHN/h66CzGzS1F+dhrqZY=,0pxDSias5IR2DDTEMpjIyOnilpU=
65,-40,e9aYijHHN/h66CzGzS1F+dhrqZY=,f03v20FG3UacgCabXCRaAkZ80qw=
65,-43,e9aYijHHN/h66CzGzS1F+dhrqZY=,0pxDSias5IR2DDTEMpjIyOnilpU=
68,-43,e9aYijHHN/h66CzGzS1F+dhrqZY=,WW9mQoYpKmoJ+9zjVkmOeJZ7zB8=
67,-40,e9aYijHHN/h66CzGzS1F+dhrqZY=,f03v20FG3UacgCabXCRaAkZ80qw=
66,-40,e9aYijHHN/h66CzGzS1F+dhrqZY=,f03v20FG3UacgCabXCRaAkZ80qw=
67,-41,e9aYijHHN/h66CzGzS1F+dhrqZY=,0pxDSias5IR2DDTEMpjIyOnilpU=
67,-43,e9aYijHHN/h66CzGzS1F+dhrqZY=,0pxDSias5IR2DDTEMpjIyOnilpU=
68,-42,e9aYijHHN/h66CzGzS1F+dhrqZY=,WW9mQoYpKmoJ+9zjVkmOeJZ7zB8=
68,-40,e9aYijHHN/h66CzGzS1F+dhrqZY=,gQlWsiVCdA1M47gta9y38R5MUcc=
65,-42,e9aYijHHN/h66CzGzS1F+dhrqZY=,0pxDSias5IR2DDTEMpjIyOnilpU=
65,-41,e9aYijHHN/h66CzGzS1F+dhrqZY=,0pxDSias5IR2DDTEMpjIyOnilpU=
68,-41,e9aYijHHN/h66CzGzS1F+dhrqZY=,WW9mQoYpKmoJ+9zjVkmOeJZ7zB8=
66,-41,e9aYijHHN/h66CzGzS1F+dhrqZY=,0pxDSias5IR2DDTEMpjIyOnilpU=
66,-42,e9aYijHHN/h66CzGzS1F+dhrqZY=,0pxDSias5IR2DDTEMpjIyOnilpU=
67,-42,e9aYijHHN/h66CzGzS1F+dhrqZY=,0pxDSias5IR2DDTEMpjIyOnilpU=
64,-43,e9aYijHHN/h66CzGzS1F+dhrqZY=,0pxDSias5IR2DDTEMpjIyOnilpU=
64,-42,e9aYijHHN/h66CzGzS1F+dhrqZY=,0pxDSias5IR2DDTEMpjIyOnilpU=
70,-48,e9aYijHHN/h66CzGzS1F+dhrqZY=,OKYT12hvBqxyHqagbE2jF/o8Xc0=
69,-48,e9aYijHHN/h66CzGzS1F+dhrqZY=,OKYT12hvBqxyHqagbE2jF/o8Xc0=
79,-43,e9aYijHHN/h66CzGzS1F+dhrqZY=,YjtoeKzDbHmOG+8yyfS1tuXiK7M=
71,-46,e9aYijHHN/h66CzGzS1F+dhrqZY=,OKYT12hvBqxyHqagbE2jF/o8Xc0=
72,-44,e9aYijHHN/h66CzGzS1F+dhrqZY=,49Zc4PJSt11/JhyqJx+89+vD9M4=
71,-45,e9aYijHHN/h66CzGzS1F+dhrqZY=,OKYT12hvBqxyHqagbE2jF/o8Xc0=
73,-46,e9aYijHHN/h66CzGzS1F+dhrqZY=,VfNtZX2ydcX6Vf5lrv1oM5PLyFY=
74,-46,e9aYijHHN/h66CzGzS1F+dhrqZY=,VfNtZX2ydcX6Vf5lrv1oM5PLyFY=
73,-48,e9aYijHHN/h66CzGzS1F+dhrqZY=,VfNtZX2ydcX6Vf5lrv1oM5PLyFY=
74,-44,e9aYijHHN/h66CzGzS1F+dhrqZY=,49Zc4PJSt11/JhyqJx+89+vD9M4=
72,-45,e9aYijHHN/h66CzGzS1F+dhrqZY=,VfNtZX2ydcX6Vf5lrv1oM5PLyFY=
74,-45,e9aYijHHN/h66CzGzS1F+dhrqZY=,VfNtZX2ydcX6Vf5lrv1oM5PLyFY=
72,-48,e9aYijHHN/h66CzGzS1F+dhrqZY=,VfNtZX2ydcX6Vf5lrv1oM5PLyFY=
73,-45,e9aYijHHN/h66CzGzS1F+dhrqZY=,VfNtZX2ydcX6Vf5lrv1oM5PLyFY=
79,-42,e9aYijHHN/h66CzGzS1F+dhrqZY=,YjtoeKzDbHmOG+8yyfS1tuXiK7M=
71,-48,e9aYijHHN/h66CzGzS1F+dhrqZY=,OKYT12hvBqxyHqagbE2jF/o8Xc0=
73,-44,e9aYijHHN/h66CzGzS1F+dhrqZY=,49Zc4PJSt11/JhyqJx+89+vD9M4=
74,-48,e9aYijHHN/h66CzGzS1F+dhrqZY=,VfNtZX2ydcX6Vf5lrv1oM5PLyFY=
72,-46,e9aYijHHN/h66CzGzS1F+dhrqZY=,VfNtZX2ydcX6Vf5lrv1oM5PLyFY=
72,-47,e9aYijHHN/h66CzGzS1F+dhrqZY=,VfNtZX2ydcX6Vf5lrv1oM5PLyFY=
73,-47,e9aYijHHN/h66CzGzS1F+dhrqZY=,VfNtZX2ydcX6Vf5lrv1oM5PLyFY=
74,-47,e9aYijHHN/h66CzGzS1F+dhrqZY=,VfNtZX2ydcX6Vf5lrv1oM5PLyFY=
71,-44,e9aYijHHN/h66CzGzS1F+dhrqZY=,WW9mQoYpKmoJ+9zjVkmOeJZ7zB8=
71,-47,e9aYijHHN/h66CzGzS1F+dhrqZY=,OKYT12hvBqxyHqagbE2jF/o8Xc0=
64,-38,e9aYijHHN/h66CzGzS1F+dhrqZY=,f03v20FG3UacgCabXCRaAkZ80qw=
64,-41,e9aYijHHN/h66CzGzS1F+dhrqZY=,0pxDSias5IR2DDTEMpjIyOnilpU=
64,-40,e9aYijHHN/h66CzGzS1F+dhrqZY=,f03v20FG3UacgCabXCRaAkZ80qw=
64,-39,e9aYijHHN/h66CzGzS1F+dhrqZY=,f03v20FG3UacgCabXCRaAkZ80qw=
69,-33,e9aYijHHN/h66CzGzS1F+dhrqZY=,pI38YjL6uuQTSB56f6nPzOiZzSk=
70,-33,e9aYijHHN/h66CzGzS1F+dhrqZY=,pI38YjL6uuQTSB56f6nPzOiZzSk=
66,-46,e9aYijHHN/h66CzGzS1F+dhrqZY=,zs3bpYGTQQ37oXnwLq4k7rGQYes=
67,-44,e9aYijHHN/h66CzGzS1F+dhrqZY=,0pxDSias5IR2DDTEMpjIyOnilpU=
67,-46,e9aYijHHN/h66CzGzS1F+dhrqZY=,zs3bpYGTQQ37oXnwLq4k7rGQYes=
67,-48,e9aYijHHN/h66CzGzS1F+dhrqZY=,zs3bpYGTQQ37oXnwLq4k7rGQYes=
67,-47,e9aYijHHN/h66CzGzS1F+dhrqZY=,zs3bpYGTQQ37oXnwLq4k7rGQYes=
64,-47,e9aYijHHN/h66CzGzS1F+dhrqZY=,zs3bpYGTQQ37oXnwLq4k7rGQYes=
65,-44,e9aYijHHN/h66CzGzS1F+dhrqZY=,0pxDSias5IR2DDTEMpjIyOnilpU=
68,-47,e9aYijHHN/h66CzGzS1F+dhrqZY=,OKYT12hvBqxyHqagbE2jF/o8Xc0=
64,-45,e9aYijHHN/h66CzGzS1F+dhrqZY=,zs3bpYGTQQ37oXnwLq4k7rGQYes=
66,-47,e9aYijHHN/h66CzGzS1F+dhrqZY=,zs3bpYGTQQ37oXnwLq4k7rGQYes=
68,-48,e9aYijHHN/h66CzGzS1F+dhrqZY=,OKYT12hvBqxyHqagbE2jF/o8Xc0=
66,-45,e9aYijHHN/h66CzGzS1F+dhrqZY=,zs3bpYGTQQ37oXnwLq4k7rGQYes=
66,-44,e9aYijHHN/h66CzGzS1F+dhrqZY=,0pxDSias5IR2DDTEMpjIyOnilpU=
65,-45,e9aYijHHN/h66CzGzS1F+dhrqZY=,zs3bpYGTQQ37oXnwLq4k7rGQYes=
68,-45,e9aYijHHN/h66CzGzS1F+dhrqZY=,OKYT12hvBqxyHqagbE2jF/o8Xc0=
64,-44,e9aYijHHN/h66CzGzS1F+dhrqZY=,0pxDSias5IR2DDTEMpjIyOnilpU=
66,-48,e9aYijHHN/h66CzGzS1F+dhrqZY=,zs3bpYGTQQ37oXnwLq4k7rGQYes=
68,-46,e9aYijHHN/h66CzGzS1F+dhrqZY=,OKYT12hvBqxyHqagbE2jF/o8Xc0=
64,-48,e9aYijHHN/h66CzGzS1F+dhrqZY=,zs3bpYGTQQ37oXnwLq4k7rGQYes=
68,-44,e9aYijHHN/h66CzGzS1F+dhrqZY=,WW9mQoYpKmoJ+9zjVkmOeJZ7zB8=
65,-46,e9aYijHHN/h66CzGzS1F+dhrqZY=,zs3bpYGTQQ37oXnwLq4k7rGQYes=
79,-46,e9aYijHHN/h66CzGzS1F+dhrqZY=,A6zAUG7+Kb8K2V/siDJlth0dLGI=
76,-44,e9aYijHHN/h66CzGzS1F+dhrqZY=,YjtoeKzDbHmOG+8yyfS1tuXiK7M=
75,-47,e9aYijHHN/h66CzGzS1F+dhrqZY=,VfNtZX2ydcX6Vf5lrv1oM5PLyFY=
75,-48,e9aYijHHN/h66CzGzS1F+dhrqZY=,VfNtZX2ydcX6Vf5lrv1oM5PLyFY=
78,-48,e9aYijHHN/h66CzGzS1F+dhrqZY=,A6zAUG7+Kb8K2V/siDJlth0dLGI=
78,-47,e9aYijHHN/h66CzGzS1F+dhrqZY=,A6zAUG7+Kb8K2V/siDJlth0dLGI=
75,-44,e9aYijHHN/h66CzGzS1F+dhrqZY=,49Zc4PJSt11/JhyqJx+89+vD9M4=
78,-44,e9aYijHHN/h66CzGzS1F+dhrqZY=,YjtoeKzDbHmOG+8yyfS1tuXiK7M=
77,-48,e9aYijHHN/h66CzGzS1F+dhrqZY=,A6zAUG7+Kb8K2V/siDJlth0dLGI=
79,-48,e9aYijHHN/h66CzGzS1F+dhrqZY=,A6zAUG7+Kb8K2V/siDJlth0dLGI=
75,-46,e9aYijHHN/h66CzGzS1F+dhrqZY=,VfNtZX2ydcX6Vf5lrv1oM5PLyFY=
75,-45,e9aYijHHN/h66CzGzS1F+dhrqZY=,VfNtZX2ydcX6Vf5lrv1oM5PLyFY=
77,-46,e9aYijHHN/h66CzGzS1F+dhrqZY=,A6zAUG7+Kb8K2V/siDJlth0dLGI=
65,-48,e9aYijHHN/h66CzGzS1F+dhrqZY=,zs3bpYGTQQ37oXnwLq4k7rGQYes=
79,-45,e9aYijHHN/h66CzGzS1F+dhrqZY=,A6zAUG7+Kb8K2V/siDJlth0dLGI=
73,-33,e9aYijHHN/h66CzGzS1F+dhrqZY=,XowcE23rsHjqHOvn4SMMZckDZR0=
76,-45,e9aYijHHN/h66CzGzS1F+dhrqZY=,A6zAUG7+Kb8K2V/siDJlth0dLGI=
72,-33,e9aYijHHN/h66CzGzS1F+dhrqZY=,XowcE23rsHjqHOvn4SMMZckDZR0=
64,-46,e9aYijHHN/h66CzGzS1F+dhrqZY=,zs3bpYGTQQ37oXnwLq4k7rGQYes=
76,-47,e9aYijHHN/h66CzGzS1F+dhrqZY=,A6zAUG7+Kb8K2V/siDJlth0dLGI=
77,-45,e9aYijHHN/h66CzGzS1F+dhrqZY=,A6zAUG7+Kb8K2V/siDJlth0dLGI=
77,-44,e9aYijHHN/h66CzGzS1F+dhrqZY=,YjtoeKzDbHmOG+8yyfS1tuXiK7M=
77,-47,e9aYijHHN/h66CzGzS1F+dhrqZY=,A6zAUG7+Kb8K2V/siDJlth0dLGI=
71,-33,e9aYijHHN/h66CzGzS1F+dhrqZY=,pI38YjL6uuQTSB56f6nPzOiZzSk=
74,-33,e9aYijHHN/h66CzGzS1F+dhrqZY=,XowcE23rsHjqHOvn4SMMZckDZR0=
78,-46,e9aYijHHN/h66CzGzS1F+dhrqZY=,A6zAUG7+Kb8K2V/siDJlth0dLGI=
76,-48,e9aYijHHN/h66CzGzS1F+dhrqZY=,A6zAUG7+Kb8K2V/siDJlth0dLGI=
67,-45,e9aYijHHN/h66CzGzS1F+dhrqZY=,zs3bpYGTQQ37oXnwLq4k7rGQYes=
78,-45,e9aYijHHN/h66CzGzS1F+dhrqZY=,A6zAUG7+Kb8K2V/siDJlth0dLGI=
65,-47,e9aYijHHN/h66CzGzS1F+dhrqZY=,zs3bpYGTQQ37oXnwLq4k7rGQYes=
79,-47,e9aYijHHN/h66CzGzS1F+dhrqZY=,A6zAUG7+Kb8K2V/siDJlth0dLGI=
79,-44,e9aYijHHN/h66CzGzS1F+dhrqZY=,YjtoeKzDbHmOG+8yyfS1tuXiK7M=
76,-46,e9aYijHHN/h66CzGzS1F+dhrqZY=,A6zAUG7+Kb8K2V/siDJlth0dLGI=
79,-41,e9aYijHHN/h66CzGzS1F+dhrqZY=,YjtoeKzDbHmOG+8yyfS1tuXiK7M=
79,-39,e9aYijHHN/h66CzGzS1F+dhrqZY=,tka3oMQveF3kHD6KAG3EitK5Rlc=
79,-40,e9aYijHHN/h66CzGzS1F+dhrqZY=,tka3oMQveF3kHD6KAG3EitK5Rlc=
79,-38,e9aYijHHN/h66CzGzS1F+dhrqZY=,tka3oMQveF3kHD6KAG3EitK5Rlc=
79,-37,e9aYijHHN/h66CzGzS1F+dhrqZY=,tka3oMQveF3kHD6KAG3EitK5Rlc=
79,-34,e9aYijHHN/h66CzGzS1F+dhrqZY=,k5Icl6guYsschS2TvGp5WFB33cY=
79,-35,e9aYijHHN/h66CzGzS1F+dhrqZY=,k5Icl6guYsschS2TvGp5WFB33cY=
79,-36,e9aYijHHN/h66CzGzS1F+dhrqZY=,k5Icl6guYsschS2TvGp5WFB33cY=
79,-33,e9aYijHHN/h66CzGzS1F+dhrqZY=,k5Icl6guYsschS2TvGp5WFB33cY=
75,-33,e9aYijHHN/h66CzGzS1F+dhrqZY=,XowcE23rsHjqHOvn4SMMZckDZR0=
78,-33,e9aYijHHN/h66CzGzS1F+dhrqZY=,k5Icl6guYsschS2TvGp5WFB33cY=
77,-33,e9aYijHHN/h66CzGzS1F+dhrqZY=,k5Icl6guYsschS2TvGp5WFB33cY=
76,-33,e9aYijHHN/h66CzGzS1F+dhrqZY=,k5Icl6guYsschS2TvGp5WFB33cY=
64,-34,e9aYijHHN/h66CzGzS1F+dhrqZY=,lxtp4agSg2WyFiMDfuuvANiW66k=
65,-33,e9aYijHHN/h66CzGzS1F+dhrqZY=,lxtp4agSg2WyFiMDfuuvANiW66k=
68,-36,e9aYijHHN/h66CzGzS1F+dhrqZY=,pI38YjL6uuQTSB56f6nPzOiZzSk=
65,-36,e9aYijHHN/h66CzGzS1F+dhrqZY=,lxtp4agSg2WyFiMDfuuvANiW66k=
66,-36,e9aYijHHN/h66CzGzS1F+dhrqZY=,lxtp4agSg2WyFiMDfuuvANiW66k=
65,-37,e9aYijHHN/h66CzGzS1F+dhrqZY=,f03v20FG3UacgCabXCRaAkZ80qw=
67,-37,e9aYijHHN/h66CzGzS1F+dhrqZY=,f03v20FG3UacgCabXCRaAkZ80qw=
67,-34,e9aYijHHN/h66CzGzS1F+dhrqZY=,lxtp4agSg2WyFiMDfuuvANiW66k=
66,-35,e9aYijHHN/h66CzGzS1F+dhrqZY=,lxtp4agSg2WyFiMDfuuvANiW66k=
64,-33,e9aYijHHN/h66CzGzS1F+dhrqZY=,lxtp4agSg2WyFiMDfuuvANiW66k=
67,-35,e9aYijHHN/h66CzGzS1F+dhrqZY=,lxtp4agSg2WyFiMDfuuvANiW66k=
64,-36,e9aYijHHN/h66CzGzS1F+dhrqZY=,lxtp4agSg2WyFiMDfuuvANiW66k=
66,-33,e9aYijHHN/h66CzGzS1F+dhrqZY=,lxtp4agSg2WyFiMDfuuvANiW66k=
66,-34,e9aYijHHN/h66CzGzS1F+dhrqZY=,lxtp4agSg2WyFiMDfuuvANiW66k=
64,-35,e9aYijHHN/h66CzGzS1F+dhrqZY=,lxtp4agSg2WyFiMDfuuvANiW66k=
68,-37,e9aYijHHN/h66CzGzS1F+dhrqZY=,gQlWsiVCdA1M47gta9y38R5MUcc=
65,-34,e9aYijHHN/h66CzGzS1F+dhrqZY=,lxtp4agSg2WyFiMDfuuvANiW66k=
67,-36,e9aYijHHN/h66CzGzS1F+dhrqZY=,lxtp4agSg2WyFiMDfuuvANiW66k=
68,-35,e9aYijHHN/h66CzGzS1F+dhrqZY=,pI38YjL6uuQTSB56f6nPzOiZzSk=
64,-37,e9aYijHHN/h66CzGzS1F+dhrqZY=,f03v20FG3UacgCabXCRaAkZ80qw=
68,-34,e9aYijHHN/h66CzGzS1F+dhrqZY=,pI38YjL6uuQTSB56f6nPzOiZzSk=
67,-33,e9aYijHHN/h66CzGzS1F+dhrqZY=,lxtp4agSg2WyFiMDfuuvANiW66k=
65,-35,e9aYijHHN/h66CzGzS1F+dhrqZY=,lxtp4agSg2WyFiMDfuuvANiW66k=
68,-33,e9aYijHHN/h66CzGzS1F+dhrqZY=,pI38YjL6uuQTSB56f6nPzOiZzSk=
66,-37,e9aYijHHN/h66CzGzS1F+dhrqZY=,f03v20FG3UacgCabXCRaAkZ80qw=
